product_id,brand,model_name,category,gender_target,size_system_primary,size_range_primary,sizes_available_uk,sizes_available_us,sizes_available_eu,foot_length_min_cm,foot_length_max_cm,width_options,recommended_foot_width_cm_min,recommended_foot_width_cm_max,fit_profile,cushioning_level,arch_support,material_upper,outsole_type,weight_g,colors,price_usd,rating_avg,review_count,stock_status,image_url,description_short,sources_used
new-balance-surge-7-lite-running-1,New Balance,Surge 7 Lite,Running,Female,UK,UK 3-8.5,"3,3.5,4,4.5,5,5.5,6,6.5,7,7.5,8,8.5","5,5.5,6,6.5,7,7.5,8,8.5,9,9.5,10,10.5","37.5,38,39,40,40.5,41,42,43,43.5,44,45,46",21.8,26.9,Regular|Wide,8.81,10.31,regular,medium,low,engineered mesh,rubber,267,brown|beige|black,130.5,4.5,158,in_stock,,"Built for running days: engineered mesh upper, durable rubber outsole, medium cushion, low support, and a regular fit.",newbalance.com; size charts: nike.com/adidas.co.uk/asics.com/clarks.com
nike-retro-elite-casual-2,Nike,Retro Elite,Casual,Female,UK,UK 3.5-8,"3.5,4,4.5,5,5.5,6,6.5,7,7.5,8","5.5,6,6.5,7,7.5,8,8.5,9,9.5,10","38,39,40,40.5,41,42,43,43.5,44,45",22.3,26.7,Narrow|Regular|Wide,8.16,10.36,snug,low,high,leather,rubber,300,brown|white|green|purple,87.36,3.2,106,low_stock,,Casual shoe with leather upper and rubber outsole; low cushioning and high arch support for a snug feel.,nike.com; size charts: nike.com/adidas.co.uk/asics.com/clarks.com
asics-aero-9-running-3,ASICS,Aero 9,Running,Female,UK,UK 3.5-8.5,"3.5,4,4.5,5,5.5,6,6.5,7,7.5,8,8.5","5.5,6,6.5,7,7.5,8,8.5,9,9.5,10,10.5","38,39,40,40.5,41,42,43,43.5,44,45,46",22,27.1,Regular,8.18,10.38,regular,high,low,knit mesh,rubber,249,pink|orange|purple,138.4,4.4,97,in_stock,,Running shoe with knit mesh upper and rubber outsole; high cushioning and low arch support for a regular feel.,asics.com; size charts: nike.com/adidas.co.uk/asics.com/clarks.com
hoka-grit-iii-premium-trail-4,HOKA,Grit III Premium,Trail,Male,UK,UK 6-11.5,"6,6.5,7,7.5,8,8.5,9,9.5,10,10.5,11,11.5","7,7.5,8,8.5,9,9.5,10,10.5,11,11.5,12,12.5","42,43,43.5,44,45,46,46.5,47,48,49,49.5,50",24.2,29.6,Narrow|Regular|Wide,9.05,11.25,snug,medium,medium,ripstop mesh,Vibram-style rubber,399,navy|orange|tan,172.87,4.2,24,low_stock,,"HOKA trail footwear featuring ripstop mesh, Vibram-style rubber, medium cushioning, medium arch support, and a snug profile.",hoka.com; size charts: nike.com/adidas.co.uk/asics.com/clarks.com
salomon-charge-elite-athletic-5,Salomon,Charge Elite,Athletic,Female,UK,UK 3-8,"3,3.5,4,4.5,5,5.5,6,6.5,7,7.5,8","5,5.5,6,6.5,7,7.5,8,8.5,9,9.5,10","37.5,38,39,40,40.5,41,42,43,43.5,44,45",21.8,26.7,Regular,8.07,10.27,snug,low,low,synthetic leather,rubber,254,beige|white|green|pink,98.95,4.4,37,in_stock,,Athletic shoe with synthetic leather upper and rubber outsole; low cushioning and low arch support for a snug feel.,salomon.com; size charts: nike.com/adidas.co.uk/asics.com/clarks.com
new-balance-charge-x-air-athletic-6,New Balance,Charge X Air,Athletic,Female,UK,UK 3.5-8.5,"3.5,4,4.5,5,5.5,6,6.5,7,7.5,8,8.5","5.5,6,6.5,7,7.5,8,8.5,9,9.5,10,10.5","38,39,40,40.5,41,42,43,43.5,44,45,46",22.2,26.9,Narrow|Regular|Wide,8.18,10.38,regular,high,high,synthetic mesh,TPU,326,yellow|orange,138.25,4,43,low_stock,,Athletic shoe with synthetic mesh upper and TPU outsole; high cushioning and high arch support for a regular feel.,newbalance.com; size charts: nike.com/adidas.co.uk/asics.com/clarks.com
nike-charge-iii-pro-athletic-7,Nike,Charge III Pro,Athletic,Male,UK,UK 6-12,"6,6.5,7,7.5,8,8.5,9,9.5,10,10.5,11,11.5,12","7,7.5,8,8.5,9,9.5,10,10.5,11,11.5,12,12.5,13","42,43,43.5,44,45,46,46.5,47,48,49,49.5,50,51",24.2,30.1,Narrow|Regular,9.15,10.45,regular,low,high,synthetic mesh,rubber,238,yellow|white|brown|grey,146.74,3.9,94,in_stock,,"Nike athletic footwear featuring synthetic mesh, rubber, low cushioning, high arch support, and a regular profile.",nike.com; size charts: nike.com/adidas.co.uk/asics.com/clarks.com
saucony-court-ii-casual-8,Saucony,Court II,Casual,Unisex,UK,UK 3-11.5,"3,3.5,4,4.5,5,5.5,6,6.5,7,7.5,8,8.5,9,9.5,10,10.5,11,11.5","4,4.5,5,5.5,6,6.5,7,7.5,8,8.5,9,9.5,10,10.5,11,11.5,12,12.5","37.5,38,39,40,40.5,41,42,43,43.5,44,45,46,46.5,47,48,49,49.5,50",21.8,29.6,Regular,8.61,10.81,roomy,medium,medium,canvas,gum rubber,371,beige|brown,100.33,3.9,19,in_stock,,Casual shoe with canvas upper and gum rubber outsole; medium cushioning and medium arch support for a roomy feel.,saucony.com; size charts: nike.com/adidas.co.uk/asics.com/clarks.com
skechers-velocity-6-running-9,Skechers,Velocity 6,Running,Unisex,UK,UK 3.5-12,"3.5,4,4.5,5,5.5,6,6.5,7,7.5,8,8.5,9,9.5,10,10.5,11,11.5,12","4.5,5,5.5,6,6.5,7,7.5,8,8.5,9,9.5,10,10.5,11,11.5,12,12.5,13","38,39,40,40.5,41,42,43,43.5,44,45,46,46.5,47,48,49,49.5,50,51",22.1,29.9,Regular,8.72,10.92,regular,high,high,synthetic mesh,carbon rubber,218,purple|tan|green,116.87,4.6,47,in_stock,,"Built for running days: synthetic mesh upper, durable carbon rubber outsole, high cushion, high support, and a regular fit.",skechers.com; size charts: nike.com/adidas.co.uk/asics.com/clarks.com
saucony-outback-ii-lite-trail-10,Saucony,Outback II Lite,Trail,Unisex,UK,UK 3-12,"3,3.5,4,4.5,5,5.5,6,6.5,7,7.5,8,8.5,9,9.5,10,10.5,11,11.5,12","4,4.5,5,5.5,6,6.5,7,7.5,8,8.5,9,9.5,10,10.5,11,11.5,12,12.5,13","37.5,38,39,40,40.5,41,42,43,43.5,44,45,46,46.5,47,48,49,49.5,50,51",21.9,30.1,Narrow|Regular,8.72,10.02,snug,medium,medium,ripstop mesh,sticky rubber,364,red|tan|navy,131.51,4.9,49,in_stock,,Trail shoe with ripstop mesh upper and sticky rubber outsole; medium cushioning and medium arch support for a snug feel.,saucony.com; size charts: nike.com/adidas.co.uk/asics.com/clarks.com
asics-everyday-4-casual-11,ASICS,Everyday 4,Casual,Male,UK,UK 6-12,"6,6.5,7,7.5,8,8.5,9,9.5,10,10.5,11,11.5,12","7,7.5,8,8.5,9,9.5,10,10.5,11,11.5,12,12.5,13","42,43,43.5,44,45,46,46.5,47,48,49,49.5,50,51",24.4,30,Narrow|Regular|Wide,9.16,11.36,regular,high,medium,synthetic leather,gum rubber,302,pink|yellow|brown|orange,82.08,4.1,40,in_stock,,"ASICS casual footwear featuring synthetic leather, gum rubber, high cushioning, medium arch support, and a regular profile.",asics.com; size charts: nike.com/adidas.co.uk/asics.com/clarks.com
adidas-dress-6-formal-12,Adidas,Dress 6,Formal,Male,UK,UK 6-12,"6,6.5,7,7.5,8,8.5,9,9.5,10,10.5,11,11.5,12","7,7.5,8,8.5,9,9.5,10,10.5,11,11.5,12,12.5,13","42,43,43.5,44,45,46,46.5,47,48,49,49.5,50,51",24.4,30,Narrow|Regular,9.16,10.46,snug,low,high,patent leather,leather,447,beige|yellow|black,129.23,4.7,20,in_stock,,Formal shoe with patent leather upper and leather outsole; low cushioning and high arch support for a snug feel.,adidas.co.uk; size charts: nike.com/adidas.co.uk/asics.com/clarks.com
vans-classic-6-casual-13,Vans,Classic 6,Casual,Male,UK,UK 6-11.5,"6,6.5,7,7.5,8,8.5,9,9.5,10,10.5,11,11.5","7,7.5,8,8.5,9,9.5,10,10.5,11,11.5,12,12.5","42,43,43.5,44,45,46,46.5,47,48,49,49.5,50",24.3,29.7,Wide,10.29,11.29,snug,medium,medium,canvas,rubber,365,brown|red|grey,73.36,3.9,117,low_stock,,"Built for casual days: canvas upper, durable rubber outsole, medium cushion, medium support, and a snug fit.",vans.com; size charts: nike.com/adidas.co.uk/asics.com/clarks.com
reebok-canyon-max-trail-14,Reebok,Canyon Max,Trail,Unisex,UK,UK 3.5-12,"3.5,4,4.5,5,5.5,6,6.5,7,7.5,8,8.5,9,9.5,10,10.5,11,11.5,12","4.5,5,5.5,6,6.5,7,7.5,8,8.5,9,9.5,10,10.5,11,11.5,12,12.5,13","38,39,40,40.5,41,42,43,43.5,44,45,46,46.5,47,48,49,49.5,50,51",22.1,30,Wide,9.94,10.94,snug,high,medium,ripstop mesh,Vibram-style rubber,367,red|yellow|beige,164.52,3.8,62,in_stock,,"Reebok trail footwear featuring ripstop mesh, Vibram-style rubber, high cushioning, medium arch support, and a snug profile.",reebok.com; size charts: nike.com/adidas.co.uk/asics.com/clarks.com
salomon-power-9-athletic-15,Salomon,Power 9,Athletic,Female,UK,UK 3-8.5,"3,3.5,4,4.5,5,5.5,6,6.5,7,7.5,8,8.5","5,5.5,6,6.5,7,7.5,8,8.5,9,9.5,10,10.5","37.5,38,39,40,40.5,41,42,43,43.5,44,45,46",21.7,27.1,Narrow|Regular|Wide,8.13,10.33,regular,low,high,synthetic mesh,TPU,322,brown|pink|green|yellow,122.42,4.5,118,in_stock,,Athletic shoe with synthetic mesh upper and TPU outsole; low cushioning and high arch support for a regular feel.,salomon.com; size charts: nike.com/adidas.co.uk/asics.com/clarks.com
converse-power-4-athletic-16,Converse,Power 4,Athletic,Female,UK,UK 3-8.5,"3,3.5,4,4.5,5,5.5,6,6.5,7,7.5,8,8.5","5,5.5,6,6.5,7,7.5,8,8.5,9,9.5,10,10.5","37.5,38,39,40,40.5,41,42,43,43.5,44,45,46",21.9,26.9,Wide,9.33,10.33,roomy,low,medium,synthetic leather,rubber,315,blue|purple,93.77,3.9,24,out_of_stock,,Athletic shoe with synthetic leather upper and rubber outsole; low cushioning and medium arch support for a roomy feel.,converse.com; size charts: nike.com/adidas.co.uk/asics.com/clarks.com
reebok-canyon-4-trail-17,Reebok,Canyon 4,Trail,Male,UK,UK 6.5-12,"6.5,7,7.5,8,8.5,9,9.5,10,10.5,11,11.5,12","7.5,8,8.5,9,9.5,10,10.5,11,11.5,12,12.5,13","43,43.5,44,45,46,46.5,47,48,49,49.5,50,51",24.7,30.1,Narrow|Regular,9.24,10.54,regular,high,low,ripstop mesh,sticky rubber,357,navy|tan|blue,146.63,4.4,97,low_stock,,Trail shoe with ripstop mesh upper and sticky rubber outsole; high cushioning and low arch support for a regular feel.,reebok.com; size charts: nike.com/adidas.co.uk/asics.com/clarks.com
clarks-traverse-7-trail-18,Clarks,Traverse 7,Trail,Male,UK,UK 6-11.5,"6,6.5,7,7.5,8,8.5,9,9.5,10,10.5,11,11.5","7,7.5,8,8.5,9,9.5,10,10.5,11,11.5,12,12.5","42,43,43.5,44,45,46,46.5,47,48,49,49.5,50",24.4,29.6,Regular|Wide,9.79,11.29,roomy,medium,low,synthetic mesh,lugged rubber,297,black|white|beige,143.57,4.4,77,in_stock,,"Clarks trail footwear featuring synthetic mesh, lugged rubber, medium cushioning, low arch support, and a roomy profile.",clarks.com; size charts: nike.com/adidas.co.uk/asics.com/clarks.com
new-balance-terra-plus-trail-19,New Balance,Terra Plus,Trail,Unisex,UK,UK 3-11.5,"3,3.5,4,4.5,5,5.5,6,6.5,7,7.5,8,8.5,9,9.5,10,10.5,11,11.5","4,4.5,5,5.5,6,6.5,7,7.5,8,8.5,9,9.5,10,10.5,11,11.5,12,12.5","37.5,38,39,40,40.5,41,42,43,43.5,44,45,46,46.5,47,48,49,49.5,50",21.9,29.5,Regular,8.61,10.81,roomy,high,high,gore-tex membrane,Vibram-style rubber,327,blue|green|white,145.26,4.5,58,in_stock,,"New Balance trail footwear featuring gore-tex membrane, Vibram-style rubber, high cushioning, high arch support, and a roomy profile.",newbalance.com; size charts: nike.com/adidas.co.uk/asics.com/clarks.com
timberland-traverse-8-trail-20,Timberland,Traverse 8,Trail,Male,UK,UK 6.5-12,"6.5,7,7.5,8,8.5,9,9.5,10,10.5,11,11.5,12","7.5,8,8.5,9,9.5,10,10.5,11,11.5,12,12.5,13","43,43.5,44,45,46,46.5,47,48,49,49.5,50,51",24.8,30,Regular,9.24,11.44,regular,low,medium,synthetic mesh,Vibram-style rubber,375,red|yellow,187.01,4.1,16,in_stock,,"Built for trail days: synthetic mesh upper, durable Vibram-style rubber outsole, low cushion, medium support, and a regular fit.",timberland.com; size charts: nike.com/adidas.co.uk/asics.com/clarks.com
hoka-retro-elite-casual-21,HOKA,Retro Elite,Casual,Female,UK,UK 3-8.5,"3,3.5,4,4.5,5,5.5,6,6.5,7,7.5,8,8.5","5,5.5,6,6.5,7,7.5,8,8.5,9,9.5,10,10.5","37.5,38,39,40,40.5,41,42,43,43.5,44,45,46",21.8,27,Regular,8.13,10.33,snug,high,medium,leather,rubber,279,grey|black|purple,80.18,4.1,29,out_of_stock,,"Built for casual days: leather upper, durable rubber outsole, high cushion, medium support, and a snug fit.",hoka.com; size charts: nike.com/adidas.co.uk/asics.com/clarks.com
saucony-lift-elite-premium-athletic-22,Saucony,Lift Elite Premium,Athletic,Male,UK,UK 6-12,"6,6.5,7,7.5,8,8.5,9,9.5,10,10.5,11,11.5,12","7,7.5,8,8.5,9,9.5,10,10.5,11,11.5,12,12.5,13","42,43,43.5,44,45,46,46.5,47,48,49,49.5,50,51",24.3,29.9,Regular|Wide,9.83,11.33,roomy,high,high,knit,rubber,312,purple|pink|brown,102.55,3.9,87,in_stock,,"Built for athletic days: knit upper, durable rubber outsole, high cushion, high support, and a roomy fit.",saucony.com; size charts: nike.com/adidas.co.uk/asics.com/clarks.com
vans-traverse-6-trail-23,Vans,Traverse 6,Trail,Female,UK,UK 3-8.5,"3,3.5,4,4.5,5,5.5,6,6.5,7,7.5,8,8.5","5,5.5,6,6.5,7,7.5,8,8.5,9,9.5,10,10.5","37.5,38,39,40,40.5,41,42,43,43.5,44,45,46",21.6,27,Regular,8.09,10.29,regular,medium,medium,gore-tex membrane,sticky rubber,309,red|tan|white,155.61,4.9,33,in_stock,,"Vans trail footwear featuring gore-tex membrane, sticky rubber, medium cushioning, medium arch support, and a regular profile.",vans.com; size charts: nike.com/adidas.co.uk/asics.com/clarks.com
asics-urban-5-casual-24,ASICS,Urban 5,Casual,Male,UK,UK 6-12,"6,6.5,7,7.5,8,8.5,9,9.5,10,10.5,11,11.5,12","7,7.5,8,8.5,9,9.5,10,10.5,11,11.5,12,12.5,13","42,43,43.5,44,45,46,46.5,47,48,49,49.5,50,51",24.3,29.9,Regular,9.13,11.33,regular,medium,low,synthetic leather,gum rubber,312,yellow|purple,134.58,3.8,64,in_stock,,"Built for casual days: synthetic leather upper, durable gum rubber outsole, medium cushion, low support, and a regular fit.",asics.com; size charts: nike.com/adidas.co.uk/asics.com/clarks.com
skechers-trailblazer-iii-trail-25,Skechers,Trailblazer III,Trail,Male,UK,UK 6-12,"6,6.5,7,7.5,8,8.5,9,9.5,10,10.5,11,11.5,12","7,7.5,8,8.5,9,9.5,10,10.5,11,11.5,12,12.5,13","42,43,43.5,44,45,46,46.5,47,48,49,49.5,50,51",24.5,29.9,Regular|Wide,9.86,11.36,regular,low,medium,ripstop mesh,Vibram-style rubber,246,green|beige,121.56,4.1,22,in_stock,,"Built for trail days: ripstop mesh upper, durable Vibram-style rubber outsole, low cushion, medium support, and a regular fit.",skechers.com; size charts: nike.com/adidas.co.uk/asics.com/clarks.com
reebok-zoom-4-running-26,Reebok,Zoom 4,Running,Male,UK,UK 6.5-12,"6.5,7,7.5,8,8.5,9,9.5,10,10.5,11,11.5,12","7.5,8,8.5,9,9.5,10,10.5,11,11.5,12,12.5,13","43,43.5,44,45,46,46.5,47,48,49,49.5,50,51",24.8,29.9,Narrow|Regular,9.22,10.52,regular,high,medium,engineered mesh,carbon rubber,304,pink|brown,147.8,4.4,104,out_of_stock,,"Reebok running footwear featuring engineered mesh, carbon rubber, high cushioning, medium arch support, and a regular profile.",reebok.com; size charts: nike.com/adidas.co.uk/asics.com/clarks.com
asics-aero-5-runner-running-27,ASICS,Aero 5 Runner,Running,Female,UK,UK 3-8.5,"3,3.5,4,4.5,5,5.5,6,6.5,7,7.5,8,8.5","5,5.5,6,6.5,7,7.5,8,8.5,9,9.5,10,10.5","37.5,38,39,40,40.5,41,42,43,43.5,44,45,46",21.6,27,Narrow|Regular|Wide,8.09,10.29,regular,low,high,knit mesh,blown rubber,230,purple|blue|grey,109.19,4.3,40,low_stock,,"Built for running days: knit mesh upper, durable blown rubber outsole, low cushion, high support, and a regular fit.",asics.com; size charts: nike.com/adidas.co.uk/asics.com/clarks.com
brooks-terra-9-trail-28,Brooks,Terra 9,Trail,Unisex,UK,UK 3-12,"3,3.5,4,4.5,5,5.5,6,6.5,7,7.5,8,8.5,9,9.5,10,10.5,11,11.5,12","4,4.5,5,5.5,6,6.5,7,7.5,8,8.5,9,9.5,10,10.5,11,11.5,12,12.5,13","37.5,38,39,40,40.5,41,42,43,43.5,44,45,46,46.5,47,48,49,49.5,50,51",21.7,30.1,Narrow|Regular|Wide,8.68,10.88,regular,medium,medium,ripstop mesh,Vibram-style rubber,372,blue|brown,168.21,4.1,100,in_stock,,Trail shoe with ripstop mesh upper and Vibram-style rubber outsole; medium cushioning and medium arch support for a regular feel.,brooksrunning.com; size charts: nike.com/adidas.co.uk/asics.com/clarks.com
saucony-terra-5-trail-29,Saucony,Terra 5,Trail,Male,UK,UK 6.5-12,"6.5,7,7.5,8,8.5,9,9.5,10,10.5,11,11.5,12","7.5,8,8.5,9,9.5,10,10.5,11,11.5,12,12.5,13","43,43.5,44,45,46,46.5,47,48,49,49.5,50,51",24.7,30,Regular|Wide,9.92,11.42,roomy,medium,high,gore-tex membrane,sticky rubber,306,green|pink|beige|red,161.03,4.7,99,low_stock,,Trail shoe with gore-tex membrane upper and sticky rubber outsole; medium cushioning and high arch support for a roomy feel.,saucony.com; size charts: nike.com/adidas.co.uk/asics.com/clarks.com
hoka-pro-8-athletic-30,HOKA,Pro 8,Athletic,Female,UK,UK 3-8,"3,3.5,4,4.5,5,5.5,6,6.5,7,7.5,8","5,5.5,6,6.5,7,7.5,8,8.5,9,9.5,10","37.5,38,39,40,40.5,41,42,43,43.5,44,45",21.9,26.6,Narrow|Regular|Wide,8.07,10.27,snug,high,medium,synthetic leather,TPU,282,brown|black|yellow,167.23,4,54,in_stock,,Athletic shoe with synthetic leather upper and TPU outsole; high cushioning and medium arch support for a snug feel.,hoka.com; size charts: nike.com/adidas.co.uk/asics.com/clarks.com
merrell-canyon-ii-trail-31,Merrell,Canyon II,Trail,Female,UK,UK 3-8.5,"3,3.5,4,4.5,5,5.5,6,6.5,7,7.5,8,8.5","5,5.5,6,6.5,7,7.5,8,8.5,9,9.5,10,10.5","37.5,38,39,40,40.5,41,42,43,43.5,44,45,46",21.8,26.9,Narrow|Regular|Wide,8.11,10.31,regular,medium,medium,synthetic mesh,sticky rubber,342,blue|pink|tan,128.3,4.6,49,in_stock,,"Merrell trail footwear featuring synthetic mesh, sticky rubber, medium cushioning, medium arch support, and a regular profile.",merrell.com; size charts: nike.com/adidas.co.uk/asics.com/clarks.com
clarks-dress-iii-formal-32,Clarks,Dress III,Formal,Male,UK,UK 6-12,"6,6.5,7,7.5,8,8.5,9,9.5,10,10.5,11,11.5,12","7,7.5,8,8.5,9,9.5,10,10.5,11,11.5,12,12.5,13","42,43,43.5,44,45,46,46.5,47,48,49,49.5,50,51",24.4,30,Regular|Wide,9.86,11.36,roomy,medium,medium,full-grain leather,leather,451,navy|blue|grey,132.78,4.2,23,in_stock,,"Built for formal days: full-grain leather upper, durable leather outsole, medium cushion, medium support, and a roomy fit.",clarks.com; size charts: nike.com/adidas.co.uk/asics.com/clarks.com
adidas-endorphin-max-running-33,Adidas,Endorphin Max,Running,Female,UK,UK 3-8.5,"3,3.5,4,4.5,5,5.5,6,6.5,7,7.5,8,8.5","5,5.5,6,6.5,7,7.5,8,8.5,9,9.5,10,10.5","37.5,38,39,40,40.5,41,42,43,43.5,44,45,46",21.8,26.8,Narrow|Regular|Wide,8.09,10.29,regular,medium,high,knit mesh,carbon rubber,180,yellow|white,163.61,4.2,54,in_stock,,Running shoe with knit mesh upper and carbon rubber outsole; medium cushioning and high arch support for a regular feel.,adidas.co.uk; size charts: nike.com/adidas.co.uk/asics.com/clarks.com
puma-trainer-x-athletic-34,PUMA,Trainer X,Athletic,Unisex,UK,UK 3-12,"3,3.5,4,4.5,5,5.5,6,6.5,7,7.5,8,8.5,9,9.5,10,10.5,11,11.5,12","4,4.5,5,5.5,6,6.5,7,7.5,8,8.5,9,9.5,10,10.5,11,11.5,12,12.5,13","37.5,38,39,40,40.5,41,42,43,43.5,44,45,46,46.5,47,48,49,49.5,50,51",21.8,30.1,Regular,8.7,10.9,roomy,medium,medium,knit,non-marking rubber,280,yellow|beige|green,109.68,3.3,121,in_stock,,"PUMA athletic footwear featuring knit, non-marking rubber, medium cushioning, medium arch support, and a roomy profile.",puma.com; size charts: nike.com/adidas.co.uk/asics.com/clarks.com
new-balance-classic-5-casual-35,New Balance,Classic 5,Casual,Female,UK,UK 3.5-8.5,"3.5,4,4.5,5,5.5,6,6.5,7,7.5,8,8.5","5.5,6,6.5,7,7.5,8,8.5,9,9.5,10,10.5","38,39,40,40.5,41,42,43,43.5,44,45,46",22.3,26.9,Narrow|Regular|Wide,8.2,10.4,snug,medium,medium,leather,rubber,320,red|pink|yellow,108.91,4.7,106,in_stock,,"New Balance casual footwear featuring leather, rubber, medium cushioning, medium arch support, and a snug profile.",newbalance.com; size charts: nike.com/adidas.co.uk/asics.com/clarks.com
clarks-outback-9-trail-36,Clarks,Outback 9,Trail,Male,UK,UK 6-12,"6,6.5,7,7.5,8,8.5,9,9.5,10,10.5,11,11.5,12","7,7.5,8,8.5,9,9.5,10,10.5,11,11.5,12,12.5,13","42,43,43.5,44,45,46,46.5,47,48,49,49.5,50,51",24.2,30.1,Narrow|Regular|Wide,9.15,11.35,snug,medium,medium,gore-tex membrane,sticky rubber,349,white|tan|pink|red,134.68,4.4,26,out_of_stock,,"Built for trail days: gore-tex membrane upper, durable sticky rubber outsole, medium cushion, medium support, and a snug fit.",clarks.com; size charts: nike.com/adidas.co.uk/asics.com/clarks.com
hoka-glide-5-lite-running-37,HOKA,Glide 5 Lite,Running,Female,UK,UK 3-8,"3,3.5,4,4.5,5,5.5,6,6.5,7,7.5,8","5,5.5,6,6.5,7,7.5,8,8.5,9,9.5,10","37.5,38,39,40,40.5,41,42,43,43.5,44,45",21.7,26.4,Narrow|Regular|Wide,8,10.2,regular,high,medium,engineered mesh,blown rubber,218,beige|black|grey,151.4,3.9,196,in_stock,,"Built for running days: engineered mesh upper, durable blown rubber outsole, high cushion, medium support, and a regular fit.",hoka.com; size charts: nike.com/adidas.co.uk/asics.com/clarks.com
merrell-pace-prime-running-38,Merrell,Pace Prime,Running,Female,UK,UK 3-8,"3,3.5,4,4.5,5,5.5,6,6.5,7,7.5,8","5,5.5,6,6.5,7,7.5,8,8.5,9,9.5,10","37.5,38,39,40,40.5,41,42,43,43.5,44,45",21.8,26.4,Narrow|Regular|Wide,8.02,10.22,regular,medium,medium,knit mesh,blown rubber,290,tan|white,113.74,4,58,in_stock,,"Built for running days: knit mesh upper, durable blown rubber outsole, medium cushion, medium support, and a regular fit.",merrell.com; size charts: nike.com/adidas.co.uk/asics.com/clarks.com
nike-drive-9-boost-athletic-39,Nike,Drive 9 Boost,Athletic,Female,UK,UK 3-8.5,"3,3.5,4,4.5,5,5.5,6,6.5,7,7.5,8,8.5","5,5.5,6,6.5,7,7.5,8,8.5,9,9.5,10,10.5","37.5,38,39,40,40.5,41,42,43,43.5,44,45,46",21.7,27,Regular,8.11,10.31,regular,low,medium,synthetic mesh,non-marking rubber,274,pink|tan|white|black,138.7,3.9,49,in_stock,,Athletic shoe with synthetic mesh upper and non-marking rubber outsole; low cushioning and medium arch support for a regular feel.,nike.com; size charts: nike.com/adidas.co.uk/asics.com/clarks.com
skechers-stride-prime-running-40,Skechers,Stride Prime,Running,Female,UK,UK 3-8.5,"3,3.5,4,4.5,5,5.5,6,6.5,7,7.5,8,8.5","5,5.5,6,6.5,7,7.5,8,8.5,9,9.5,10,10.5","37.5,38,39,40,40.5,41,42,43,43.5,44,45,46",21.7,27,Regular,8.11,10.31,regular,high,high,engineered mesh,carbon rubber,294,green|navy|beige,119.34,4.6,36,low_stock,,"Built for running days: engineered mesh upper, durable carbon rubber outsole, high cushion, high support, and a regular fit.",skechers.com; size charts: nike.com/adidas.co.uk/asics.com/clarks.com
vans-cross-elite-athletic-41,Vans,Cross Elite,Athletic,Male,UK,UK 6-11.5,"6,6.5,7,7.5,8,8.5,9,9.5,10,10.5,11,11.5","7,7.5,8,8.5,9,9.5,10,10.5,11,11.5,12,12.5","42,43,43.5,44,45,46,46.5,47,48,49,49.5,50",24.2,29.7,Regular,9.07,11.27,regular,high,medium,knit,non-marking rubber,294,brown|purple|yellow,104.79,3.6,150,in_stock,,Athletic shoe with knit upper and non-marking rubber outsole; high cushioning and medium arch support for a regular feel.,vans.com; size charts: nike.com/adidas.co.uk/asics.com/clarks.com
skechers-edge-ii-athletic-42,Skechers,Edge II,Athletic,Male,UK,UK 6-12,"6,6.5,7,7.5,8,8.5,9,9.5,10,10.5,11,11.5,12","7,7.5,8,8.5,9,9.5,10,10.5,11,11.5,12,12.5,13","42,43,43.5,44,45,46,46.5,47,48,49,49.5,50,51",24.4,30,Wide,10.36,11.36,regular,high,high,synthetic leather,rubber,323,black|grey|brown|beige,109.9,3.5,51,low_stock,,"Skechers athletic footwear featuring synthetic leather, rubber, high cushioning, high arch support, and a regular profile.",skechers.com; size charts: nike.com/adidas.co.uk/asics.com/clarks.com
hoka-nimbus-max-running-43,HOKA,Nimbus Max,Running,Female,UK,UK 3-8.5,"3,3.5,4,4.5,5,5.5,6,6.5,7,7.5,8,8.5","5,5.5,6,6.5,7,7.5,8,8.5,9,9.5,10,10.5","37.5,38,39,40,40.5,41,42,43,43.5,44,45,46",21.8,27.1,Narrow|Regular|Wide,8.15,10.35,regular,medium,low,knit mesh,blown rubber,276,blue|orange|pink|tan,136.37,4.9,43,in_stock,,"Built for running days: knit mesh upper, durable blown rubber outsole, medium cushion, low support, and a regular fit.",hoka.com; size charts: nike.com/adidas.co.uk/asics.com/clarks.com
skechers-pace-x-running-44,Skechers,Pace X,Running,Female,UK,UK 3-8.5,"3,3.5,4,4.5,5,5.5,6,6.5,7,7.5,8,8.5","5,5.5,6,6.5,7,7.5,8,8.5,9,9.5,10,10.5","37.5,38,39,40,40.5,41,42,43,43.5,44,45,46",21.7,27,Wide,9.31,10.31,snug,high,medium,knit mesh,carbon rubber,230,navy|brown|green,99.43,4.9,55,in_stock,,"Built for running days: knit mesh upper, durable carbon rubber outsole, high cushion, medium support, and a snug fit.",skechers.com; size charts: nike.com/adidas.co.uk/asics.com/clarks.com
skechers-trailblazer-plus-trail-45,Skechers,Trailblazer Plus,Trail,Unisex,UK,UK 3-12,"3,3.5,4,4.5,5,5.5,6,6.5,7,7.5,8,8.5,9,9.5,10,10.5,11,11.5,12","4,4.5,5,5.5,6,6.5,7,7.5,8,8.5,9,9.5,10,10.5,11,11.5,12,12.5,13","37.5,38,39,40,40.5,41,42,43,43.5,44,45,46,46.5,47,48,49,49.5,50,51",21.7,29.9,Narrow|Regular|Wide,8.65,10.85,snug,high,high,gore-tex membrane,Vibram-style rubber,360,white|tan|blue,146.17,4.3,56,in_stock,,"Built for trail days: gore-tex membrane upper, durable Vibram-style rubber outsole, high cushion, high support, and a snug fit.",skechers.com; size charts: nike.com/adidas.co.uk/asics.com/clarks.com
hoka-wingtip-elite-formal-46,HOKA,Wingtip Elite,Formal,Male,UK,UK 6-12,"6,6.5,7,7.5,8,8.5,9,9.5,10,10.5,11,11.5,12","7,7.5,8,8.5,9,9.5,10,10.5,11,11.5,12,12.5,13","42,43,43.5,44,45,46,46.5,47,48,49,49.5,50,51",24.4,30,Regular,9.16,11.36,regular,medium,low,suede leather,rubber,385,black|beige|orange,154.83,4.8,9,out_of_stock,,"Built for formal days: suede leather upper, durable rubber outsole, medium cushion, low support, and a regular fit.",hoka.com; size charts: nike.com/adidas.co.uk/asics.com/clarks.com
skechers-cross-plus-athletic-47,Skechers,Cross Plus,Athletic,Unisex,UK,UK 3-12,"3,3.5,4,4.5,5,5.5,6,6.5,7,7.5,8,8.5,9,9.5,10,10.5,11,11.5,12","4,4.5,5,5.5,6,6.5,7,7.5,8,8.5,9,9.5,10,10.5,11,11.5,12,12.5,13","37.5,38,39,40,40.5,41,42,43,43.5,44,45,46,46.5,47,48,49,49.5,50,51",21.7,30,Regular|Wide,9.36,10.86,regular,high,medium,synthetic leather,TPU,297,red|purple,72.96,4.6,21,in_stock,,Athletic shoe with synthetic leather upper and TPU outsole; high cushioning and medium arch support for a regular feel.,skechers.com; size charts: nike.com/adidas.co.uk/asics.com/clarks.com
asics-derby-iii-formal-48,ASICS,Derby III,Formal,Male,UK,UK 6-12,"6,6.5,7,7.5,8,8.5,9,9.5,10,10.5,11,11.5,12","7,7.5,8,8.5,9,9.5,10,10.5,11,11.5,12,12.5,13","42,43,43.5,44,45,46,46.5,47,48,49,49.5,50,51",24.4,30.1,Narrow|Regular,9.18,10.48,regular,medium,medium,full-grain leather,rubber,452,purple|red|pink|blue,177.37,3.8,80,in_stock,,Formal shoe with full-grain leather upper and rubber outsole; medium cushioning and medium arch support for a regular feel.,asics.com; size charts: nike.com/adidas.co.uk/asics.com/clarks.com
brooks-charge-6-athletic-49,Brooks,Charge 6,Athletic,Male,UK,UK 6-12,"6,6.5,7,7.5,8,8.5,9,9.5,10,10.5,11,11.5,12","7,7.5,8,8.5,9,9.5,10,10.5,11,11.5,12,12.5,13","42,43,43.5,44,45,46,46.5,47,48,49,49.5,50,51",24.4,29.9,Regular,9.15,11.35,regular,medium,medium,synthetic leather,non-marking rubber,323,orange|navy,122.62,4.3,66,in_stock,,Athletic shoe with synthetic leather upper and non-marking rubber outsole; medium cushioning and medium arch support for a regular feel.,brooksrunning.com; size charts: nike.com/adidas.co.uk/asics.com/clarks.com
asics-summit-7-trail-50,ASICS,Summit 7,Trail,Unisex,UK,UK 3.5-12,"3.5,4,4.5,5,5.5,6,6.5,7,7.5,8,8.5,9,9.5,10,10.5,11,11.5,12","4.5,5,5.5,6,6.5,7,7.5,8,8.5,9,9.5,10,10.5,11,11.5,12,12.5,13","38,39,40,40.5,41,42,43,43.5,44,45,46,46.5,47,48,49,49.5,50,51",22.3,29.9,Narrow|Regular|Wide,8.76,10.96,roomy,low,medium,gore-tex membrane,lugged rubber,367,tan|blue|orange|brown,185.71,4.7,93,in_stock,,"Built for trail days: gore-tex membrane upper, durable lugged rubber outsole, low cushion, medium support, and a roomy fit.",asics.com; size charts: nike.com/adidas.co.uk/asics.com/clarks.com
saucony-wingtip-ii-formal-51,Saucony,Wingtip II,Formal,Male,UK,UK 6.5-12,"6.5,7,7.5,8,8.5,9,9.5,10,10.5,11,11.5,12","7.5,8,8.5,9,9.5,10,10.5,11,11.5,12,12.5,13","43,43.5,44,45,46,46.5,47,48,49,49.5,50,51",24.8,30.1,Narrow|Regular,9.26,10.56,snug,medium,medium,suede leather,rubber,458,green|red,157.88,4,299,out_of_stock,,"Saucony formal footwear featuring suede leather, rubber, medium cushioning, medium arch support, and a snug profile.",saucony.com; size charts: nike.com/adidas.co.uk/asics.com/clarks.com
nike-aero-iii-running-52,Nike,Aero III,Running,Female,UK,UK 3-8.5,"3,3.5,4,4.5,5,5.5,6,6.5,7,7.5,8,8.5","5,5.5,6,6.5,7,7.5,8,8.5,9,9.5,10,10.5","37.5,38,39,40,40.5,41,42,43,43.5,44,45,46",21.6,26.9,Narrow|Regular,8.07,9.37,regular,medium,high,engineered mesh,carbon rubber,290,purple|beige|black,143.07,4.4,40,low_stock,,Running shoe with engineered mesh upper and carbon rubber outsole; medium cushioning and high arch support for a regular feel.,nike.com; size charts: nike.com/adidas.co.uk/asics.com/clarks.com
new-balance-nimbus-x-pro-running-53,New Balance,Nimbus X Pro,Running,Male,UK,UK 6.5-12,"6.5,7,7.5,8,8.5,9,9.5,10,10.5,11,11.5,12","7.5,8,8.5,9,9.5,10,10.5,11,11.5,12,12.5,13","43,43.5,44,45,46,46.5,47,48,49,49.5,50,51",24.7,29.8,Narrow|Regular|Wide,9.18,11.38,snug,medium,low,engineered mesh,carbon rubber,252,purple|blue|brown|beige,166.33,4.5,67,in_stock,,"New Balance running footwear featuring engineered mesh, carbon rubber, medium cushioning, low arch support, and a snug profile.",newbalance.com; size charts: nike.com/adidas.co.uk/asics.com/clarks.com
timberland-outback-5-trail-54,Timberland,Outback 5,Trail,Female,UK,UK 3-8.5,"3,3.5,4,4.5,5,5.5,6,6.5,7,7.5,8,8.5","5,5.5,6,6.5,7,7.5,8,8.5,9,9.5,10,10.5","37.5,38,39,40,40.5,41,42,43,43.5,44,45,46",21.6,27.1,Regular,8.11,10.31,snug,high,medium,ripstop mesh,sticky rubber,382,white|grey|red,138.63,4,78,in_stock,,"Built for trail days: ripstop mesh upper, durable sticky rubber outsole, high cushion, medium support, and a snug fit.",timberland.com; size charts: nike.com/adidas.co.uk/asics.com/clarks.com
saucony-glide-ii-runner-running-55,Saucony,Glide II Runner,Running,Female,UK,UK 3-8.5,"3,3.5,4,4.5,5,5.5,6,6.5,7,7.5,8,8.5","5,5.5,6,6.5,7,7.5,8,8.5,9,9.5,10,10.5","37.5,38,39,40,40.5,41,42,43,43.5,44,45,46",21.7,27.1,Regular,8.13,10.33,roomy,medium,medium,knit mesh,carbon rubber,237,orange|red|blue,147.91,4.8,39,in_stock,,Running shoe with knit mesh upper and carbon rubber outsole; medium cushioning and medium arch support for a roomy feel.,saucony.com; size charts: nike.com/adidas.co.uk/asics.com/clarks.com
saucony-endorphin-9-gt-running-56,Saucony,Endorphin 9 GT,Running,Female,UK,UK 3.5-8.5,"3.5,4,4.5,5,5.5,6,6.5,7,7.5,8,8.5","5.5,6,6.5,7,7.5,8,8.5,9,9.5,10,10.5","38,39,40,40.5,41,42,43,43.5,44,45,46",22.1,27,Regular,8.18,10.38,regular,low,medium,synthetic mesh,carbon rubber,208,red|beige,120.25,3.7,35,in_stock,,"Built for running days: synthetic mesh upper, durable carbon rubber outsole, low cushion, medium support, and a regular fit.",saucony.com; size charts: nike.com/adidas.co.uk/asics.com/clarks.com
skechers-stride-plus-running-57,Skechers,Stride Plus,Running,Male,UK,UK 6.5-12,"6.5,7,7.5,8,8.5,9,9.5,10,10.5,11,11.5,12","7.5,8,8.5,9,9.5,10,10.5,11,11.5,12,12.5,13","43,43.5,44,45,46,46.5,47,48,49,49.5,50,51",24.7,30,Narrow|Regular,9.22,10.52,roomy,high,high,synthetic mesh,blown rubber,286,beige|orange,124.52,4,75,in_stock,,"Built for running days: synthetic mesh upper, durable blown rubber outsole, high cushion, high support, and a roomy fit.",skechers.com; size charts: nike.com/adidas.co.uk/asics.com/clarks.com
vans-derby-i-formal-58,Vans,Derby I,Formal,Male,UK,UK 6-12,"6,6.5,7,7.5,8,8.5,9,9.5,10,10.5,11,11.5,12","7,7.5,8,8.5,9,9.5,10,10.5,11,11.5,12,12.5,13","42,43,43.5,44,45,46,46.5,47,48,49,49.5,50,51",24.4,30.1,Narrow,9.18,9.88,snug,medium,medium,patent leather,rubber,434,blue|red|pink,123.48,3.8,25,low_stock,,Formal shoe with patent leather upper and rubber outsole; medium cushioning and medium arch support for a snug feel.,vans.com; size charts: nike.com/adidas.co.uk/asics.com/clarks.com
reebok-drive-i-athletic-59,Reebok,Drive I,Athletic,Male,UK,UK 6-11.5,"6,6.5,7,7.5,8,8.5,9,9.5,10,10.5,11,11.5","7,7.5,8,8.5,9,9.5,10,10.5,11,11.5,12,12.5","42,43,43.5,44,45,46,46.5,47,48,49,49.5,50",24.3,29.5,Regular,9.05,11.25,regular,medium,medium,knit,non-marking rubber,338,red|orange,112.27,3.8,22,in_stock,,Athletic shoe with knit upper and non-marking rubber outsole; medium cushioning and medium arch support for a regular feel.,reebok.com; size charts: nike.com/adidas.co.uk/asics.com/clarks.com
brooks-cross-ii-athletic-60,Brooks,Cross II,Athletic,Male,UK,UK 6-11.5,"6,6.5,7,7.5,8,8.5,9,9.5,10,10.5,11,11.5","7,7.5,8,8.5,9,9.5,10,10.5,11,11.5,12,12.5","42,43,43.5,44,45,46,46.5,47,48,49,49.5,50",24.2,29.6,Regular|Wide,9.75,11.25,regular,low,medium,knit,rubber,278,green|brown|pink,111.22,4.2,19,in_stock,,"Brooks athletic footwear featuring knit, rubber, low cushioning, medium arch support, and a regular profile.",brooksrunning.com; size charts: nike.com/adidas.co.uk/asics.com/clarks.com
adidas-canyon-7-trail-61,Adidas,Canyon 7,Trail,Male,UK,UK 6-11.5,"6,6.5,7,7.5,8,8.5,9,9.5,10,10.5,11,11.5","7,7.5,8,8.5,9,9.5,10,10.5,11,11.5,12,12.5","42,43,43.5,44,45,46,46.5,47,48,49,49.5,50",24.3,29.6,Regular|Wide,9.77,11.27,regular,low,low,synthetic mesh,lugged rubber,407,yellow|pink|blue|white,151.82,4.1,12,low_stock,,"Adidas trail footwear featuring synthetic mesh, lugged rubber, low cushioning, low arch support, and a regular profile.",adidas.co.uk; size charts: nike.com/adidas.co.uk/asics.com/clarks.com
asics-summit-prime-trail-62,ASICS,Summit Prime,Trail,Unisex,UK,UK 3.5-12,"3.5,4,4.5,5,5.5,6,6.5,7,7.5,8,8.5,9,9.5,10,10.5,11,11.5,12","4.5,5,5.5,6,6.5,7,7.5,8,8.5,9,9.5,10,10.5,11,11.5,12,12.5,13","38,39,40,40.5,41,42,43,43.5,44,45,46,46.5,47,48,49,49.5,50,51",22.2,29.9,Regular,8.74,10.94,snug,medium,high,synthetic mesh,sticky rubber,403,navy|white|grey,117.17,4.1,42,in_stock,,Trail shoe with synthetic mesh upper and sticky rubber outsole; medium cushioning and high arch support for a snug feel.,asics.com; size charts: nike.com/adidas.co.uk/asics.com/clarks.com
reebok-grit-i-trail-63,Reebok,Grit I,Trail,Female,UK,UK 3-8,"3,3.5,4,4.5,5,5.5,6,6.5,7,7.5,8","5,5.5,6,6.5,7,7.5,8,8.5,9,9.5,10","37.5,38,39,40,40.5,41,42,43,43.5,44,45",21.6,26.6,Narrow|Regular|Wide,8.02,10.22,snug,medium,medium,synthetic mesh,Vibram-style rubber,336,blue|brown,140.54,4,32,in_stock,,Trail shoe with synthetic mesh upper and Vibram-style rubber outsole; medium cushioning and medium arch support for a snug feel.,reebok.com; size charts: nike.com/adidas.co.uk/asics.com/clarks.com
converse-wingtip-ii-formal-64,Converse,Wingtip II,Formal,Male,UK,UK 6-12,"6,6.5,7,7.5,8,8.5,9,9.5,10,10.5,11,11.5,12","7,7.5,8,8.5,9,9.5,10,10.5,11,11.5,12,12.5,13","42,43,43.5,44,45,46,46.5,47,48,49,49.5,50,51",24.3,30,Narrow|Regular,9.15,10.45,roomy,medium,high,suede leather,leather,420,beige|tan|brown,132.1,3.6,29,out_of_stock,,"Built for formal days: suede leather upper, durable leather outsole, medium cushion, high support, and a roomy fit.",converse.com; size charts: nike.com/adidas.co.uk/asics.com/clarks.com
asics-flex-9-athletic-65,ASICS,Flex 9,Athletic,Female,UK,UK 3-8.5,"3,3.5,4,4.5,5,5.5,6,6.5,7,7.5,8,8.5","5,5.5,6,6.5,7,7.5,8,8.5,9,9.5,10,10.5","37.5,38,39,40,40.5,41,42,43,43.5,44,45,46",21.7,27.1,Regular,8.13,10.33,regular,medium,high,knit,non-marking rubber,237,orange|beige|black,141.99,4.1,116,in_stock,,"Built for athletic days: knit upper, durable non-marking rubber outsole, medium cushion, high support, and a regular fit.",asics.com; size charts: nike.com/adidas.co.uk/asics.com/clarks.com
salomon-cross-elite-athletic-66,Salomon,Cross Elite,Athletic,Unisex,UK,UK 3.5-12,"3.5,4,4.5,5,5.5,6,6.5,7,7.5,8,8.5,9,9.5,10,10.5,11,11.5,12","4.5,5,5.5,6,6.5,7,7.5,8,8.5,9,9.5,10,10.5,11,11.5,12,12.5,13","38,39,40,40.5,41,42,43,43.5,44,45,46,46.5,47,48,49,49.5,50,51",22.1,29.9,Narrow|Regular|Wide,8.72,10.92,roomy,high,medium,synthetic leather,TPU,298,red|brown,151.68,4.9,87,in_stock,,Athletic shoe with synthetic leather upper and TPU outsole; high cushioning and medium arch support for a roomy feel.,salomon.com; size charts: nike.com/adidas.co.uk/asics.com/clarks.com
asics-summit-x-trail-67,ASICS,Summit X,Trail,Female,UK,UK 3-8,"3,3.5,4,4.5,5,5.5,6,6.5,7,7.5,8","5,5.5,6,6.5,7,7.5,8,8.5,9,9.5,10","37.5,38,39,40,40.5,41,42,43,43.5,44,45",21.8,26.7,Narrow|Regular|Wide,8.07,10.27,regular,medium,high,ripstop mesh,lugged rubber,387,yellow|purple|white,156.28,4,54,in_stock,,Trail shoe with ripstop mesh upper and lugged rubber outsole; medium cushioning and high arch support for a regular feel.,asics.com; size charts: nike.com/adidas.co.uk/asics.com/clarks.com
reebok-hyper-8-athletic-68,Reebok,Hyper 8,Athletic,Unisex,UK,UK 3-12,"3,3.5,4,4.5,5,5.5,6,6.5,7,7.5,8,8.5,9,9.5,10,10.5,11,11.5,12","4,4.5,5,5.5,6,6.5,7,7.5,8,8.5,9,9.5,10,10.5,11,11.5,12,12.5,13","37.5,38,39,40,40.5,41,42,43,43.5,44,45,46,46.5,47,48,49,49.5,50,51",21.9,30,Regular|Wide,9.4,10.9,roomy,medium,medium,knit,rubber,306,red|purple|tan,152.35,4.7,65,in_stock,,"Built for athletic days: knit upper, durable rubber outsole, medium cushion, medium support, and a roomy fit.",reebok.com; size charts: nike.com/adidas.co.uk/asics.com/clarks.com
timberland-outback-iii-trail-69,Timberland,Outback III,Trail,Female,UK,UK 3-8.5,"3,3.5,4,4.5,5,5.5,6,6.5,7,7.5,8,8.5","5,5.5,6,6.5,7,7.5,8,8.5,9,9.5,10,10.5","37.5,38,39,40,40.5,41,42,43,43.5,44,45,46",21.6,27.1,Narrow|Regular|Wide,8.11,10.31,regular,medium,high,gore-tex membrane,lugged rubber,348,red|white,162.77,4.5,59,in_stock,,"Built for trail days: gore-tex membrane upper, durable lugged rubber outsole, medium cushion, high support, and a regular fit.",timberland.com; size charts: nike.com/adidas.co.uk/asics.com/clarks.com
asics-canvas-plus-casual-70,ASICS,Canvas Plus,Casual,Unisex,UK,UK 3.5-12,"3.5,4,4.5,5,5.5,6,6.5,7,7.5,8,8.5,9,9.5,10,10.5,11,11.5,12","4.5,5,5.5,6,6.5,7,7.5,8,8.5,9,9.5,10,10.5,11,11.5,12,12.5,13","38,39,40,40.5,41,42,43,43.5,44,45,46,46.5,47,48,49,49.5,50,51",22.2,30,Regular,8.76,10.96,regular,low,medium,leather,rubber,429,purple|grey|yellow,97.27,4.5,33,in_stock,,"ASICS casual footwear featuring leather, rubber, low cushioning, medium arch support, and a regular profile.",asics.com; size charts: nike.com/adidas.co.uk/asics.com/clarks.com
merrell-grit-ii-trail-71,Merrell,Grit II,Trail,Female,UK,UK 3-8.5,"3,3.5,4,4.5,5,5.5,6,6.5,7,7.5,8,8.5","5,5.5,6,6.5,7,7.5,8,8.5,9,9.5,10,10.5","37.5,38,39,40,40.5,41,42,43,43.5,44,45,46",21.8,27.1,Regular,8.15,10.35,regular,medium,low,synthetic mesh,lugged rubber,347,white|black|navy,175.98,4.6,134,in_stock,,Trail shoe with synthetic mesh upper and lugged rubber outsole; medium cushioning and low arch support for a regular feel.,merrell.com; size charts: nike.com/adidas.co.uk/asics.com/clarks.com
merrell-edge-i-athletic-72,Merrell,Edge I,Athletic,Female,UK,UK 3-8.5,"3,3.5,4,4.5,5,5.5,6,6.5,7,7.5,8,8.5","5,5.5,6,6.5,7,7.5,8,8.5,9,9.5,10,10.5","37.5,38,39,40,40.5,41,42,43,43.5,44,45,46",21.8,26.8,Regular,8.09,10.29,regular,medium,medium,synthetic leather,non-marking rubber,305,brown|yellow,106.16,4.6,51,in_stock,,"Merrell athletic footwear featuring synthetic leather, non-marking rubber, medium cushioning, medium arch support, and a regular profile.",merrell.com; size charts: nike.com/adidas.co.uk/asics.com/clarks.com
brooks-brogue-elite-formal-73,Brooks,Brogue Elite,Formal,Male,UK,UK 6-11.5,"6,6.5,7,7.5,8,8.5,9,9.5,10,10.5,11,11.5","7,7.5,8,8.5,9,9.5,10,10.5,11,11.5,12,12.5","42,43,43.5,44,45,46,46.5,47,48,49,49.5,50",24.2,29.5,Regular|Wide,9.73,11.23,regular,medium,medium,patent leather,leather,347,blue|brown,122.98,4.7,68,low_stock,,"Built for formal days: patent leather upper, durable leather outsole, medium cushion, medium support, and a regular fit.",brooksrunning.com; size charts: nike.com/adidas.co.uk/asics.com/clarks.com
merrell-court-elite-casual-74,Merrell,Court Elite,Casual,Unisex,UK,UK 3-12,"3,3.5,4,4.5,5,5.5,6,6.5,7,7.5,8,8.5,9,9.5,10,10.5,11,11.5,12","4,4.5,5,5.5,6,6.5,7,7.5,8,8.5,9,9.5,10,10.5,11,11.5,12,12.5,13","37.5,38,39,40,40.5,41,42,43,43.5,44,45,46,46.5,47,48,49,49.5,50,51",21.9,29.9,Narrow|Regular,8.68,9.98,roomy,medium,medium,synthetic leather,cupsole rubber,382,red|black|orange|navy,78.19,3.9,9,in_stock,,"Merrell casual footwear featuring synthetic leather, cupsole rubber, medium cushioning, medium arch support, and a roomy profile.",merrell.com; size charts: nike.com/adidas.co.uk/asics.com/clarks.com
vans-brogue-9-formal-75,Vans,Brogue 9,Formal,Male,UK,UK 6.5-12,"6.5,7,7.5,8,8.5,9,9.5,10,10.5,11,11.5,12","7.5,8,8.5,9,9.5,10,10.5,11,11.5,12,12.5,13","43,43.5,44,45,46,46.5,47,48,49,49.5,50,51",24.6,30.1,Wide,10.42,11.42,regular,high,medium,patent leather,rubber,372,purple|white|pink,114.41,3.8,31,in_stock,,"Built for formal days: patent leather upper, durable rubber outsole, high cushion, medium support, and a regular fit.",vans.com; size charts: nike.com/adidas.co.uk/asics.com/clarks.com
vans-aero-i-running-76,Vans,Aero I,Running,Male,UK,UK 6.5-11.5,"6.5,7,7.5,8,8.5,9,9.5,10,10.5,11,11.5","7.5,8,8.5,9,9.5,10,10.5,11,11.5,12,12.5","43,43.5,44,45,46,46.5,47,48,49,49.5,50",24.8,29.6,Narrow|Regular|Wide,9.16,11.36,regular,medium,medium,knit mesh,blown rubber,350,red|orange|black|white,109,4.6,169,in_stock,,Running shoe with knit mesh upper and blown rubber outsole; medium cushioning and medium arch support for a regular feel.,vans.com; size charts: nike.com/adidas.co.uk/asics.com/clarks.com
hoka-nimbus-ii-premium-running-77,HOKA,Nimbus II Premium,Running,Male,UK,UK 6-11.5,"6,6.5,7,7.5,8,8.5,9,9.5,10,10.5,11,11.5","7,7.5,8,8.5,9,9.5,10,10.5,11,11.5,12,12.5","42,43,43.5,44,45,46,46.5,47,48,49,49.5,50",24.4,29.7,Narrow|Regular|Wide,9.11,11.31,snug,medium,medium,knit mesh,rubber,273,brown|blue|green,115.09,4.5,304,in_stock,,"Built for running days: knit mesh upper, durable rubber outsole, medium cushion, medium support, and a snug fit.",hoka.com; size charts: nike.com/adidas.co.uk/asics.com/clarks.com
brooks-flex-9-athletic-78,Brooks,Flex 9,Athletic,Male,UK,UK 6.5-12,"6.5,7,7.5,8,8.5,9,9.5,10,10.5,11,11.5,12","7.5,8,8.5,9,9.5,10,10.5,11,11.5,12,12.5,13","43,43.5,44,45,46,46.5,47,48,49,49.5,50,51",24.8,30,Regular|Wide,9.94,11.44,roomy,medium,low,synthetic mesh,non-marking rubber,303,pink|tan|white,91.98,4.1,47,in_stock,,"Built for athletic days: synthetic mesh upper, durable non-marking rubber outsole, medium cushion, low support, and a roomy fit.",brooksrunning.com; size charts: nike.com/adidas.co.uk/asics.com/clarks.com
reebok-canvas-9-casual-79,Reebok,Canvas 9,Casual,Female,UK,UK 3-8.5,"3,3.5,4,4.5,5,5.5,6,6.5,7,7.5,8,8.5","5,5.5,6,6.5,7,7.5,8,8.5,9,9.5,10,10.5","37.5,38,39,40,40.5,41,42,43,43.5,44,45,46",21.6,27.1,Narrow|Regular|Wide,8.11,10.31,regular,medium,medium,synthetic leather,cupsole rubber,344,beige|white|purple,71.4,3.2,29,in_stock,,"Built for casual days: synthetic leather upper, durable cupsole rubber outsole, medium cushion, medium support, and a regular fit.",reebok.com; size charts: nike.com/adidas.co.uk/asics.com/clarks.com
saucony-power-6-athletic-80,Saucony,Power 6,Athletic,Male,UK,UK 6.5-12,"6.5,7,7.5,8,8.5,9,9.5,10,10.5,11,11.5,12","7.5,8,8.5,9,9.5,10,10.5,11,11.5,12,12.5,13","43,43.5,44,45,46,46.5,47,48,49,49.5,50,51",24.8,30,Narrow|Regular|Wide,9.24,11.44,roomy,high,medium,synthetic mesh,rubber,287,brown|black|white|yellow,113.46,4,28,in_stock,,Athletic shoe with synthetic mesh upper and rubber outsole; high cushioning and medium arch support for a roomy feel.,saucony.com; size charts: nike.com/adidas.co.uk/asics.com/clarks.com
converse-hyper-i-athletic-81,Converse,Hyper I,Athletic,Unisex,UK,UK 3-11.5,"3,3.5,4,4.5,5,5.5,6,6.5,7,7.5,8,8.5,9,9.5,10,10.5,11,11.5","4,4.5,5,5.5,6,6.5,7,7.5,8,8.5,9,9.5,10,10.5,11,11.5,12,12.5","37.5,38,39,40,40.5,41,42,43,43.5,44,45,46,46.5,47,48,49,49.5,50",21.8,29.7,Narrow|Regular|Wide,8.63,10.83,regular,medium,low,synthetic leather,rubber,352,grey|orange|beige,95.79,4.3,41,low_stock,,Athletic shoe with synthetic leather upper and rubber outsole; medium cushioning and low arch support for a regular feel.,converse.com; size charts: nike.com/adidas.co.uk/asics.com/clarks.com
asics-pace-plus-boost-running-82,ASICS,Pace Plus Boost,Running,Unisex,UK,UK 3.5-12,"3.5,4,4.5,5,5.5,6,6.5,7,7.5,8,8.5,9,9.5,10,10.5,11,11.5,12","4.5,5,5.5,6,6.5,7,7.5,8,8.5,9,9.5,10,10.5,11,11.5,12,12.5,13","38,39,40,40.5,41,42,43,43.5,44,45,46,46.5,47,48,49,49.5,50,51",22.1,30,Regular|Wide,9.44,10.94,regular,medium,medium,knit mesh,carbon rubber,259,purple|yellow|orange,136.89,4.4,164,in_stock,,"Built for running days: knit mesh upper, durable carbon rubber outsole, medium cushion, medium support, and a regular fit.",asics.com; size charts: nike.com/adidas.co.uk/asics.com/clarks.com
merrell-grit-4-trail-83,Merrell,Grit 4,Trail,Male,UK,UK 6-11.5,"6,6.5,7,7.5,8,8.5,9,9.5,10,10.5,11,11.5","7,7.5,8,8.5,9,9.5,10,10.5,11,11.5,12,12.5","42,43,43.5,44,45,46,46.5,47,48,49,49.5,50",24.2,29.5,Narrow,9.03,9.73,regular,medium,medium,gore-tex membrane,Vibram-style rubber,351,blue|navy,174.19,4.1,208,in_stock,,Trail shoe with gore-tex membrane upper and Vibram-style rubber outsole; medium cushioning and medium arch support for a regular feel.,merrell.com; size charts: nike.com/adidas.co.uk/asics.com/clarks.com
new-balance-surge-8-running-84,New Balance,Surge 8,Running,Male,UK,UK 6-12,"6,6.5,7,7.5,8,8.5,9,9.5,10,10.5,11,11.5,12","7,7.5,8,8.5,9,9.5,10,10.5,11,11.5,12,12.5,13","42,43,43.5,44,45,46,46.5,47,48,49,49.5,50,51",24.4,30.1,Narrow|Regular|Wide,9.18,11.38,regular,medium,medium,engineered mesh,carbon rubber,273,tan|red|yellow|black,152.99,4.1,100,out_of_stock,,Running shoe with engineered mesh upper and carbon rubber outsole; medium cushioning and medium arch support for a regular feel.,newbalance.com; size charts: nike.com/adidas.co.uk/asics.com/clarks.com
converse-stride-ii-running-85,Converse,Stride II,Running,Male,UK,UK 6-12,"6,6.5,7,7.5,8,8.5,9,9.5,10,10.5,11,11.5,12","7,7.5,8,8.5,9,9.5,10,10.5,11,11.5,12,12.5,13","42,43,43.5,44,45,46,46.5,47,48,49,49.5,50,51",24.4,29.8,Narrow|Regular|Wide,9.13,11.33,snug,medium,medium,knit mesh,carbon rubber,257,green|black,148.88,3.9,24,in_stock,,"Built for running days: knit mesh upper, durable carbon rubber outsole, medium cushion, medium support, and a snug fit.",converse.com; size charts: nike.com/adidas.co.uk/asics.com/clarks.com
hoka-edge-9-athletic-86,HOKA,Edge 9,Athletic,Male,UK,UK 6-12,"6,6.5,7,7.5,8,8.5,9,9.5,10,10.5,11,11.5,12","7,7.5,8,8.5,9,9.5,10,10.5,11,11.5,12,12.5,13","42,43,43.5,44,45,46,46.5,47,48,49,49.5,50,51",24.2,30,Narrow|Regular,9.13,10.43,regular,high,medium,synthetic mesh,TPU,304,brown|black|purple|pink,109.43,4.1,55,in_stock,,"HOKA athletic footwear featuring synthetic mesh, TPU, high cushioning, medium arch support, and a regular profile.",hoka.com; size charts: nike.com/adidas.co.uk/asics.com/clarks.com
puma-chelsea-x-formal-87,PUMA,Chelsea X,Formal,Unisex,UK,UK 3.5-12,"3.5,4,4.5,5,5.5,6,6.5,7,7.5,8,8.5,9,9.5,10,10.5,11,11.5,12","4.5,5,5.5,6,6.5,7,7.5,8,8.5,9,9.5,10,10.5,11,11.5,12,12.5,13","38,39,40,40.5,41,42,43,43.5,44,45,46,46.5,47,48,49,49.5,50,51",22.2,30,Narrow|Regular,8.76,10.06,regular,medium,medium,patent leather,TPU,418,tan|black|blue,104.74,4.2,33,in_stock,,"Built for formal days: patent leather upper, durable TPU outsole, medium cushion, medium support, and a regular fit.",puma.com; size charts: nike.com/adidas.co.uk/asics.com/clarks.com
nike-edge-6-athletic-88,Nike,Edge 6,Athletic,Female,UK,UK 3-8.5,"3,3.5,4,4.5,5,5.5,6,6.5,7,7.5,8,8.5","5,5.5,6,6.5,7,7.5,8,8.5,9,9.5,10,10.5","37.5,38,39,40,40.5,41,42,43,43.5,44,45,46",21.7,26.9,Regular,8.09,10.29,regular,high,low,synthetic leather,rubber,321,beige|pink,149.44,4.4,75,in_stock,,"Built for athletic days: synthetic leather upper, durable rubber outsole, high cushion, low support, and a regular fit.",nike.com; size charts: nike.com/adidas.co.uk/asics.com/clarks.com
clarks-canyon-4-trail-89,Clarks,Canyon 4,Trail,Female,UK,UK 3-8.5,"3,3.5,4,4.5,5,5.5,6,6.5,7,7.5,8,8.5","5,5.5,6,6.5,7,7.5,8,8.5,9,9.5,10,10.5","37.5,38,39,40,40.5,41,42,43,43.5,44,45,46",21.7,27,Regular,8.11,10.31,roomy,medium,medium,ripstop mesh,sticky rubber,375,brown|blue|orange,149.14,3.8,25,in_stock,,"Built for trail days: ripstop mesh upper, durable sticky rubber outsole, medium cushion, medium support, and a roomy fit.",clarks.com; size charts: nike.com/adidas.co.uk/asics.com/clarks.com
timberland-skate-elite-casual-90,Timberland,Skate Elite,Casual,Unisex,UK,UK 3.5-11.5,"3.5,4,4.5,5,5.5,6,6.5,7,7.5,8,8.5,9,9.5,10,10.5,11,11.5","4.5,5,5.5,6,6.5,7,7.5,8,8.5,9,9.5,10,10.5,11,11.5,12,12.5","38,39,40,40.5,41,42,43,43.5,44,45,46,46.5,47,48,49,49.5,50",22.1,29.6,Regular,8.66,10.86,regular,medium,high,leather,gum rubber,342,beige|orange,88.31,4.4,71,low_stock,,"Built for casual days: leather upper, durable gum rubber outsole, medium cushion, high support, and a regular fit.",timberland.com; size charts: nike.com/adidas.co.uk/asics.com/clarks.com
puma-dress-4-formal-91,PUMA,Dress 4,Formal,Male,UK,UK 6-11.5,"6,6.5,7,7.5,8,8.5,9,9.5,10,10.5,11,11.5","7,7.5,8,8.5,9,9.5,10,10.5,11,11.5,12,12.5","42,43,43.5,44,45,46,46.5,47,48,49,49.5,50",24.2,29.6,Regular|Wide,9.75,11.25,snug,medium,medium,suede leather,TPU,478,grey|white|beige,122.7,4.8,115,in_stock,,"PUMA formal footwear featuring suede leather, TPU, medium cushioning, medium arch support, and a snug profile.",puma.com; size charts: nike.com/adidas.co.uk/asics.com/clarks.com
skechers-pace-max-running-92,Skechers,Pace Max,Running,Male,UK,UK 6.5-12,"6.5,7,7.5,8,8.5,9,9.5,10,10.5,11,11.5,12","7.5,8,8.5,9,9.5,10,10.5,11,11.5,12,12.5,13","43,43.5,44,45,46,46.5,47,48,49,49.5,50,51",24.9,30.1,Narrow|Regular|Wide,9.28,11.48,regular,high,medium,knit mesh,carbon rubber,330,purple|red|blue,128.34,4.3,59,in_stock,,"Skechers running footwear featuring knit mesh, carbon rubber, high cushioning, medium arch support, and a regular profile.",skechers.com; size charts: nike.com/adidas.co.uk/asics.com/clarks.com
skechers-cross-5-athletic-93,Skechers,Cross 5,Athletic,Female,UK,UK 3-8.5,"3,3.5,4,4.5,5,5.5,6,6.5,7,7.5,8,8.5","5,5.5,6,6.5,7,7.5,8,8.5,9,9.5,10,10.5","37.5,38,39,40,40.5,41,42,43,43.5,44,45,46",21.7,27.1,Wide,9.33,10.33,snug,high,high,synthetic mesh,TPU,338,black|yellow|red,123.63,4.2,165,out_of_stock,,"Built for athletic days: synthetic mesh upper, durable TPU outsole, high cushion, high support, and a snug fit.",skechers.com; size charts: nike.com/adidas.co.uk/asics.com/clarks.com
merrell-lo-6-casual-94,Merrell,Lo 6,Casual,Unisex,UK,UK 3-11.5,"3,3.5,4,4.5,5,5.5,6,6.5,7,7.5,8,8.5,9,9.5,10,10.5,11,11.5","4,4.5,5,5.5,6,6.5,7,7.5,8,8.5,9,9.5,10,10.5,11,11.5,12,12.5","37.5,38,39,40,40.5,41,42,43,43.5,44,45,46,46.5,47,48,49,49.5,50",21.8,29.4,Narrow|Regular|Wide,8.57,10.77,regular,low,low,leather,gum rubber,362,grey|beige|orange,62.57,4.6,143,low_stock,,Casual shoe with leather upper and gum rubber outsole; low cushioning and low arch support for a regular feel.,merrell.com; size charts: nike.com/adidas.co.uk/asics.com/clarks.com
brooks-swift-max-air-running-95,Brooks,Swift Max Air,Running,Male,UK,UK 6-12,"6,6.5,7,7.5,8,8.5,9,9.5,10,10.5,11,11.5,12","7,7.5,8,8.5,9,9.5,10,10.5,11,11.5,12,12.5,13","42,43,43.5,44,45,46,46.5,47,48,49,49.5,50,51",24.4,29.9,Narrow|Regular|Wide,9.15,11.35,regular,high,high,knit mesh,blown rubber,263,red|orange,119.63,4.8,193,in_stock,,Running shoe with knit mesh upper and blown rubber outsole; high cushioning and high arch support for a regular feel.,brooksrunning.com; size charts: nike.com/adidas.co.uk/asics.com/clarks.com
brooks-lift-prime-pro-athletic-96,Brooks,Lift Prime Pro,Athletic,Unisex,UK,UK 3.5-12,"3.5,4,4.5,5,5.5,6,6.5,7,7.5,8,8.5,9,9.5,10,10.5,11,11.5,12","4.5,5,5.5,6,6.5,7,7.5,8,8.5,9,9.5,10,10.5,11,11.5,12,12.5,13","38,39,40,40.5,41,42,43,43.5,44,45,46,46.5,47,48,49,49.5,50,51",22.1,30.1,Regular,8.76,10.96,regular,high,medium,knit,TPU,255,green|pink|brown,119.25,3.5,65,low_stock,,"Brooks athletic footwear featuring knit, TPU, high cushioning, medium arch support, and a regular profile.",brooksrunning.com; size charts: nike.com/adidas.co.uk/asics.com/clarks.com
asics-charge-8-athletic-97,ASICS,Charge 8,Athletic,Female,UK,UK 3.5-8.5,"3.5,4,4.5,5,5.5,6,6.5,7,7.5,8,8.5","5.5,6,6.5,7,7.5,8,8.5,9,9.5,10,10.5","38,39,40,40.5,41,42,43,43.5,44,45,46",22,26.9,Narrow|Regular,8.15,9.45,roomy,medium,medium,synthetic mesh,non-marking rubber,303,white|orange|navy|beige,129.69,4.6,64,in_stock,,"Built for athletic days: synthetic mesh upper, durable non-marking rubber outsole, medium cushion, medium support, and a roomy fit.",asics.com; size charts: nike.com/adidas.co.uk/asics.com/clarks.com
puma-flex-8-athletic-98,PUMA,Flex 8,Athletic,Male,UK,UK 6-12,"6,6.5,7,7.5,8,8.5,9,9.5,10,10.5,11,11.5,12","7,7.5,8,8.5,9,9.5,10,10.5,11,11.5,12,12.5,13","42,43,43.5,44,45,46,46.5,47,48,49,49.5,50,51",24.3,29.9,Narrow|Regular|Wide,9.13,11.33,regular,low,low,synthetic mesh,rubber,303,blue|pink|white|brown,118.07,4,54,out_of_stock,,Athletic shoe with synthetic mesh upper and rubber outsole; low cushioning and low arch support for a regular feel.,puma.com; size charts: nike.com/adidas.co.uk/asics.com/clarks.com
timberland-trailblazer-9-trail-99,Timberland,Trailblazer 9,Trail,Male,UK,UK 6-12,"6,6.5,7,7.5,8,8.5,9,9.5,10,10.5,11,11.5,12","7,7.5,8,8.5,9,9.5,10,10.5,11,11.5,12,12.5,13","42,43,43.5,44,45,46,46.5,47,48,49,49.5,50,51",24.4,30.1,Regular,9.18,11.38,roomy,medium,low,gore-tex membrane,Vibram-style rubber,285,orange|blue|white,160.26,3.9,58,out_of_stock,,Trail shoe with gore-tex membrane upper and Vibram-style rubber outsole; medium cushioning and low arch support for a roomy feel.,timberland.com; size charts: nike.com/adidas.co.uk/asics.com/clarks.com
skechers-swift-4-running-100,Skechers,Swift 4,Running,Female,UK,UK 3.5-8.5,"3.5,4,4.5,5,5.5,6,6.5,7,7.5,8,8.5","5.5,6,6.5,7,7.5,8,8.5,9,9.5,10,10.5","38,39,40,40.5,41,42,43,43.5,44,45,46",22.1,27,Regular,8.18,10.38,roomy,medium,medium,knit mesh,rubber,269,black|purple,104.44,4.2,221,in_stock,,Running shoe with knit mesh upper and rubber outsole; medium cushioning and medium arch support for a roomy feel.,skechers.com; size charts: nike.com/adidas.co.uk/asics.com/clarks.com
asics-zoom-4-premium-running-101,ASICS,Zoom 4 Premium,Running,Female,UK,UK 3-8.5,"3,3.5,4,4.5,5,5.5,6,6.5,7,7.5,8,8.5","5,5.5,6,6.5,7,7.5,8,8.5,9,9.5,10,10.5","37.5,38,39,40,40.5,41,42,43,43.5,44,45,46",21.8,26.8,Regular,8.09,10.29,regular,high,medium,engineered mesh,blown rubber,267,navy|pink|beige,150.32,3.7,105,in_stock,,"ASICS running footwear featuring engineered mesh, blown rubber, high cushioning, medium arch support, and a regular profile.",asics.com; size charts: nike.com/adidas.co.uk/asics.com/clarks.com
skechers-grit-4-trail-102,Skechers,Grit 4,Trail,Male,UK,UK 6-12,"6,6.5,7,7.5,8,8.5,9,9.5,10,10.5,11,11.5,12","7,7.5,8,8.5,9,9.5,10,10.5,11,11.5,12,12.5,13","42,43,43.5,44,45,46,46.5,47,48,49,49.5,50,51",24.3,30,Regular,9.15,11.35,roomy,high,medium,gore-tex membrane,sticky rubber,396,green|grey|red|yellow,151.25,4.5,85,low_stock,,Trail shoe with gore-tex membrane upper and sticky rubber outsole; high cushioning and medium arch support for a roomy feel.,skechers.com; size charts: nike.com/adidas.co.uk/asics.com/clarks.com
timberland-skate-max-casual-103,Timberland,Skate Max,Casual,Unisex,UK,UK 3-12,"3,3.5,4,4.5,5,5.5,6,6.5,7,7.5,8,8.5,9,9.5,10,10.5,11,11.5,12","4,4.5,5,5.5,6,6.5,7,7.5,8,8.5,9,9.5,10,10.5,11,11.5,12,12.5,13","37.5,38,39,40,40.5,41,42,43,43.5,44,45,46,46.5,47,48,49,49.5,50,51",21.6,30,Narrow|Regular|Wide,8.65,10.85,regular,low,medium,synthetic leather,gum rubber,305,brown|pink,61.23,3.8,21,in_stock,,"Timberland casual footwear featuring synthetic leather, gum rubber, low cushioning, medium arch support, and a regular profile.",timberland.com; size charts: nike.com/adidas.co.uk/asics.com/clarks.com
adidas-surge-6-running-104,Adidas,Surge 6,Running,Male,UK,UK 6-12,"6,6.5,7,7.5,8,8.5,9,9.5,10,10.5,11,11.5,12","7,7.5,8,8.5,9,9.5,10,10.5,11,11.5,12,12.5,13","42,43,43.5,44,45,46,46.5,47,48,49,49.5,50,51",24.4,30.1,Narrow|Regular|Wide,9.18,11.38,roomy,medium,low,synthetic mesh,rubber,254,navy|pink|beige|yellow,134.99,3.9,18,out_of_stock,,"Built for running days: synthetic mesh upper, durable rubber outsole, medium cushion, low support, and a roomy fit.",adidas.co.uk; size charts: nike.com/adidas.co.uk/asics.com/clarks.com
hoka-trainer-5-athletic-105,HOKA,Trainer 5,Athletic,Female,UK,UK 3.5-8,"3.5,4,4.5,5,5.5,6,6.5,7,7.5,8","5.5,6,6.5,7,7.5,8,8.5,9,9.5,10","38,39,40,40.5,41,42,43,43.5,44,45",22.2,26.7,Regular,8.15,10.35,roomy,high,medium,knit,rubber,293,blue|green|black,129.66,4,44,low_stock,,"HOKA athletic footwear featuring knit, rubber, high cushioning, medium arch support, and a roomy profile.",hoka.com; size charts: nike.com/adidas.co.uk/asics.com/clarks.com
saucony-dress-8-lite-formal-106,Saucony,Dress 8 Lite,Formal,Male,UK,UK 6.5-12,"6.5,7,7.5,8,8.5,9,9.5,10,10.5,11,11.5,12","7.5,8,8.5,9,9.5,10,10.5,11,11.5,12,12.5,13","43,43.5,44,45,46,46.5,47,48,49,49.5,50,51",24.8,30.1,Regular,9.26,11.46,regular,medium,medium,patent leather,TPU,385,tan|grey|pink|blue,139.95,4.4,27,in_stock,,"Saucony formal footwear featuring patent leather, TPU, medium cushioning, medium arch support, and a regular profile.",saucony.com; size charts: nike.com/adidas.co.uk/asics.com/clarks.com
adidas-trainer-i-athletic-107,Adidas,Trainer I,Athletic,Male,UK,UK 6-12,"6,6.5,7,7.5,8,8.5,9,9.5,10,10.5,11,11.5,12","7,7.5,8,8.5,9,9.5,10,10.5,11,11.5,12,12.5,13","42,43,43.5,44,45,46,46.5,47,48,49,49.5,50,51",24.2,30,Narrow|Regular,9.13,10.43,regular,high,low,synthetic leather,non-marking rubber,289,black|beige|orange,125.3,4.4,60,in_stock,,"Built for athletic days: synthetic leather upper, durable non-marking rubber outsole, high cushion, low support, and a regular fit.",adidas.co.uk; size charts: nike.com/adidas.co.uk/asics.com/clarks.com
nike-stride-prime-running-108,Nike,Stride Prime,Running,Female,UK,UK 3.5-8,"3.5,4,4.5,5,5.5,6,6.5,7,7.5,8","5.5,6,6.5,7,7.5,8,8.5,9,9.5,10","38,39,40,40.5,41,42,43,43.5,44,45",22.3,26.6,Regular|Wide,8.85,10.35,roomy,high,low,engineered mesh,blown rubber,193,navy|yellow|beige,145.24,4.7,28,low_stock,,"Built for running days: engineered mesh upper, durable blown rubber outsole, high cushion, low support, and a roomy fit.",nike.com; size charts: nike.com/adidas.co.uk/asics.com/clarks.com
brooks-trailblazer-max-trail-109,Brooks,Trailblazer Max,Trail,Female,UK,UK 3-8,"3,3.5,4,4.5,5,5.5,6,6.5,7,7.5,8","5,5.5,6,6.5,7,7.5,8,8.5,9,9.5,10","37.5,38,39,40,40.5,41,42,43,43.5,44,45",21.7,26.6,Regular|Wide,8.74,10.24,roomy,high,low,synthetic mesh,sticky rubber,426,black|orange|yellow|grey,122.74,4,28,in_stock,,"Brooks trail footwear featuring synthetic mesh, sticky rubber, high cushioning, low arch support, and a roomy profile.",brooksrunning.com; size charts: nike.com/adidas.co.uk/asics.com/clarks.com
new-balance-hyper-iii-athletic-110,New Balance,Hyper III,Athletic,Unisex,UK,UK 3-12,"3,3.5,4,4.5,5,5.5,6,6.5,7,7.5,8,8.5,9,9.5,10,10.5,11,11.5,12","4,4.5,5,5.5,6,6.5,7,7.5,8,8.5,9,9.5,10,10.5,11,11.5,12,12.5,13","37.5,38,39,40,40.5,41,42,43,43.5,44,45,46,46.5,47,48,49,49.5,50,51",21.6,30.1,Regular,8.66,10.86,regular,high,medium,knit,TPU,368,grey|blue,111.04,4.4,170,out_of_stock,,"New Balance athletic footwear featuring knit, TPU, high cushioning, medium arch support, and a regular profile.",newbalance.com; size charts: nike.com/adidas.co.uk/asics.com/clarks.com
brooks-zoom-x-running-111,Brooks,Zoom X,Running,Male,UK,UK 6-12,"6,6.5,7,7.5,8,8.5,9,9.5,10,10.5,11,11.5,12","7,7.5,8,8.5,9,9.5,10,10.5,11,11.5,12,12.5,13","42,43,43.5,44,45,46,46.5,47,48,49,49.5,50,51",24.3,30,Regular,9.15,11.35,regular,high,medium,engineered mesh,blown rubber,313,black|white|green,131.52,4.1,63,low_stock,,"Brooks running footwear featuring engineered mesh, blown rubber, high cushioning, medium arch support, and a regular profile.",brooksrunning.com; size charts: nike.com/adidas.co.uk/asics.com/clarks.com
brooks-brogue-7-formal-112,Brooks,Brogue 7,Formal,Male,UK,UK 6.5-12,"6.5,7,7.5,8,8.5,9,9.5,10,10.5,11,11.5,12","7.5,8,8.5,9,9.5,10,10.5,11,11.5,12,12.5,13","43,43.5,44,45,46,46.5,47,48,49,49.5,50,51",24.7,30,Wide,10.42,11.42,regular,medium,medium,full-grain leather,TPU,410,purple|navy|pink,176.68,4.3,33,in_stock,,"Brooks formal footwear featuring full-grain leather, TPU, medium cushioning, medium arch support, and a regular profile.",brooksrunning.com; size charts: nike.com/adidas.co.uk/asics.com/clarks.com
puma-traverse-elite-trail-113,PUMA,Traverse Elite,Trail,Male,UK,UK 6-12,"6,6.5,7,7.5,8,8.5,9,9.5,10,10.5,11,11.5,12","7,7.5,8,8.5,9,9.5,10,10.5,11,11.5,12,12.5,13","42,43,43.5,44,45,46,46.5,47,48,49,49.5,50,51",24.5,29.9,Regular,9.16,11.36,regular,low,low,synthetic mesh,Vibram-style rubber,333,white|black|yellow|blue,154.21,4.1,66,in_stock,,"Built for trail days: synthetic mesh upper, durable Vibram-style rubber outsole, low cushion, low support, and a regular fit.",puma.com; size charts: nike.com/adidas.co.uk/asics.com/clarks.com
nike-monk-plus-formal-114,Nike,Monk Plus,Formal,Male,UK,UK 6-12,"6,6.5,7,7.5,8,8.5,9,9.5,10,10.5,11,11.5,12","7,7.5,8,8.5,9,9.5,10,10.5,11,11.5,12,12.5,13","42,43,43.5,44,45,46,46.5,47,48,49,49.5,50,51",24.3,29.9,Regular,9.13,11.33,snug,medium,medium,full-grain leather,leather,355,red|green|yellow|tan,158.64,3.9,12,in_stock,,"Nike formal footwear featuring full-grain leather, leather, medium cushioning, medium arch support, and a snug profile.",nike.com; size charts: nike.com/adidas.co.uk/asics.com/clarks.com
clarks-summit-7-trail-115,Clarks,Summit 7,Trail,Male,UK,UK 6.5-12,"6.5,7,7.5,8,8.5,9,9.5,10,10.5,11,11.5,12","7.5,8,8.5,9,9.5,10,10.5,11,11.5,12,12.5,13","43,43.5,44,45,46,46.5,47,48,49,49.5,50,51",24.6,29.9,Regular,9.18,11.38,roomy,medium,medium,gore-tex membrane,Vibram-style rubber,436,red|blue|beige,160.24,4.4,221,in_stock,,"Built for trail days: gore-tex membrane upper, durable Vibram-style rubber outsole, medium cushion, medium support, and a roomy fit.",clarks.com; size charts: nike.com/adidas.co.uk/asics.com/clarks.com
timberland-peak-elite-trail-116,Timberland,Peak Elite,Trail,Unisex,UK,UK 3-11.5,"3,3.5,4,4.5,5,5.5,6,6.5,7,7.5,8,8.5,9,9.5,10,10.5,11,11.5","4,4.5,5,5.5,6,6.5,7,7.5,8,8.5,9,9.5,10,10.5,11,11.5,12,12.5","37.5,38,39,40,40.5,41,42,43,43.5,44,45,46,46.5,47,48,49,49.5,50",21.8,29.7,Regular,8.63,10.83,snug,medium,medium,gore-tex membrane,lugged rubber,361,pink|tan,158.06,4.2,62,in_stock,,"Timberland trail footwear featuring gore-tex membrane, lugged rubber, medium cushioning, medium arch support, and a snug profile.",timberland.com; size charts: nike.com/adidas.co.uk/asics.com/clarks.com
asics-traverse-plus-trail-117,ASICS,Traverse Plus,Trail,Female,UK,UK 3-8,"3,3.5,4,4.5,5,5.5,6,6.5,7,7.5,8","5,5.5,6,6.5,7,7.5,8,8.5,9,9.5,10","37.5,38,39,40,40.5,41,42,43,43.5,44,45",21.8,26.6,Regular|Wide,8.75,10.25,roomy,low,high,synthetic mesh,Vibram-style rubber,318,brown|yellow|pink|green,150.63,4.3,79,low_stock,,"ASICS trail footwear featuring synthetic mesh, Vibram-style rubber, low cushioning, high arch support, and a roomy profile.",asics.com; size charts: nike.com/adidas.co.uk/asics.com/clarks.com
asics-surge-9-running-118,ASICS,Surge 9,Running,Female,UK,UK 3.5-8.5,"3.5,4,4.5,5,5.5,6,6.5,7,7.5,8,8.5","5.5,6,6.5,7,7.5,8,8.5,9,9.5,10,10.5","38,39,40,40.5,41,42,43,43.5,44,45,46",22.1,26.8,Narrow,8.15,8.85,regular,medium,medium,knit mesh,rubber,216,white|red,140.5,4,52,in_stock,,"ASICS running footwear featuring knit mesh, rubber, medium cushioning, medium arch support, and a regular profile.",asics.com; size charts: nike.com/adidas.co.uk/asics.com/clarks.com
skechers-traverse-8-trail-119,Skechers,Traverse 8,Trail,Male,UK,UK 6-12,"6,6.5,7,7.5,8,8.5,9,9.5,10,10.5,11,11.5,12","7,7.5,8,8.5,9,9.5,10,10.5,11,11.5,12,12.5,13","42,43,43.5,44,45,46,46.5,47,48,49,49.5,50,51",24.4,29.9,Narrow|Regular|Wide,9.15,11.35,regular,high,low,gore-tex membrane,lugged rubber,392,red|blue|tan,168.37,3.9,84,in_stock,,Trail shoe with gore-tex membrane upper and lugged rubber outsole; high cushioning and low arch support for a regular feel.,skechers.com; size charts: nike.com/adidas.co.uk/asics.com/clarks.com
hoka-canyon-prime-trail-120,HOKA,Canyon Prime,Trail,Male,UK,UK 6.5-12,"6.5,7,7.5,8,8.5,9,9.5,10,10.5,11,11.5,12","7.5,8,8.5,9,9.5,10,10.5,11,11.5,12,12.5,13","43,43.5,44,45,46,46.5,47,48,49,49.5,50,51",24.7,29.9,Narrow|Regular,9.2,10.5,regular,high,low,gore-tex membrane,lugged rubber,342,brown|grey|blue,145.07,4.7,43,out_of_stock,,Trail shoe with gore-tex membrane upper and lugged rubber outsole; high cushioning and low arch support for a regular feel.,hoka.com; size charts: nike.com/adidas.co.uk/asics.com/clarks.com
reebok-canyon-8-trail-121,Reebok,Canyon 8,Trail,Male,UK,UK 6-12,"6,6.5,7,7.5,8,8.5,9,9.5,10,10.5,11,11.5,12","7,7.5,8,8.5,9,9.5,10,10.5,11,11.5,12,12.5,13","42,43,43.5,44,45,46,46.5,47,48,49,49.5,50,51",24.3,30,Regular|Wide,9.85,11.35,snug,high,high,ripstop mesh,Vibram-style rubber,392,purple|brown,132.1,3.8,78,in_stock,,Trail shoe with ripstop mesh upper and Vibram-style rubber outsole; high cushioning and high arch support for a snug feel.,reebok.com; size charts: nike.com/adidas.co.uk/asics.com/clarks.com
salomon-peak-ii-trail-122,Salomon,Peak II,Trail,Female,UK,UK 3.5-8.5,"3.5,4,4.5,5,5.5,6,6.5,7,7.5,8,8.5","5.5,6,6.5,7,7.5,8,8.5,9,9.5,10,10.5","38,39,40,40.5,41,42,43,43.5,44,45,46",22.1,27,Narrow|Regular|Wide,8.18,10.38,roomy,medium,high,gore-tex membrane,sticky rubber,378,orange|grey,171.08,4.7,68,in_stock,,Trail shoe with gore-tex membrane upper and sticky rubber outsole; medium cushioning and high arch support for a roomy feel.,salomon.com; size charts: nike.com/adidas.co.uk/asics.com/clarks.com
converse-canvas-x-casual-123,Converse,Canvas X,Casual,Female,UK,UK 3-8.5,"3,3.5,4,4.5,5,5.5,6,6.5,7,7.5,8,8.5","5,5.5,6,6.5,7,7.5,8,8.5,9,9.5,10,10.5","37.5,38,39,40,40.5,41,42,43,43.5,44,45,46",21.7,26.9,Regular,8.09,10.29,regular,high,high,suede,cupsole rubber,316,tan|red|grey,107.57,4.6,127,in_stock,,Casual shoe with suede upper and cupsole rubber outsole; high cushioning and high arch support for a regular feel.,converse.com; size charts: nike.com/adidas.co.uk/asics.com/clarks.com
converse-stride-4-running-124,Converse,Stride 4,Running,Female,UK,UK 3-8.5,"3,3.5,4,4.5,5,5.5,6,6.5,7,7.5,8,8.5","5,5.5,6,6.5,7,7.5,8,8.5,9,9.5,10,10.5","37.5,38,39,40,40.5,41,42,43,43.5,44,45,46",21.6,27,Regular,8.09,10.29,regular,medium,high,knit mesh,rubber,288,beige|black,131.35,3.4,62,in_stock,,"Converse running footwear featuring knit mesh, rubber, medium cushioning, high arch support, and a regular profile.",converse.com; size charts: nike.com/adidas.co.uk/asics.com/clarks.com
timberland-court-8-casual-125,Timberland,Court 8,Casual,Female,UK,UK 3-8.5,"3,3.5,4,4.5,5,5.5,6,6.5,7,7.5,8,8.5","5,5.5,6,6.5,7,7.5,8,8.5,9,9.5,10,10.5","37.5,38,39,40,40.5,41,42,43,43.5,44,45,46",21.7,26.9,Regular,8.09,10.29,roomy,medium,medium,synthetic leather,cupsole rubber,315,green|white|pink,87.08,4.1,30,in_stock,,"Built for casual days: synthetic leather upper, durable cupsole rubber outsole, medium cushion, medium support, and a roomy fit.",timberland.com; size charts: nike.com/adidas.co.uk/asics.com/clarks.com
converse-endorphin-9-running-126,Converse,Endorphin 9,Running,Female,UK,UK 3-8.5,"3,3.5,4,4.5,5,5.5,6,6.5,7,7.5,8,8.5","5,5.5,6,6.5,7,7.5,8,8.5,9,9.5,10,10.5","37.5,38,39,40,40.5,41,42,43,43.5,44,45,46",21.8,27,Regular|Wide,8.83,10.33,roomy,medium,medium,synthetic mesh,rubber,265,yellow|navy|black,159.46,4.1,104,in_stock,,Running shoe with synthetic mesh upper and rubber outsole; medium cushioning and medium arch support for a roomy feel.,converse.com; size charts: nike.com/adidas.co.uk/asics.com/clarks.com
vans-chelsea-8-formal-127,Vans,Chelsea 8,Formal,Male,UK,UK 6.5-12,"6.5,7,7.5,8,8.5,9,9.5,10,10.5,11,11.5,12","7.5,8,8.5,9,9.5,10,10.5,11,11.5,12,12.5,13","43,43.5,44,45,46,46.5,47,48,49,49.5,50,51",24.9,30.1,Regular,9.28,11.48,snug,low,medium,suede leather,leather,450,grey|pink|blue,92.66,3.8,42,low_stock,,Formal shoe with suede leather upper and leather outsole; low cushioning and medium arch support for a snug feel.,vans.com; size charts: nike.com/adidas.co.uk/asics.com/clarks.com
salomon-outback-7-trail-128,Salomon,Outback 7,Trail,Male,UK,UK 6-12,"6,6.5,7,7.5,8,8.5,9,9.5,10,10.5,11,11.5,12","7,7.5,8,8.5,9,9.5,10,10.5,11,11.5,12,12.5,13","42,43,43.5,44,45,46,46.5,47,48,49,49.5,50,51",24.3,30.1,Regular|Wide,9.86,11.36,roomy,medium,medium,gore-tex membrane,lugged rubber,370,pink|tan,131.62,3.8,83,low_stock,,Trail shoe with gore-tex membrane upper and lugged rubber outsole; medium cushioning and medium arch support for a roomy feel.,salomon.com; size charts: nike.com/adidas.co.uk/asics.com/clarks.com
saucony-heritage-8-casual-129,Saucony,Heritage 8,Casual,Female,UK,UK 3.5-8,"3.5,4,4.5,5,5.5,6,6.5,7,7.5,8","5.5,6,6.5,7,7.5,8,8.5,9,9.5,10","38,39,40,40.5,41,42,43,43.5,44,45",22.2,26.6,Regular,8.13,10.33,regular,medium,medium,canvas,rubber,348,orange|purple,110.35,4.2,19,in_stock,,"Built for casual days: canvas upper, durable rubber outsole, medium cushion, medium support, and a regular fit.",saucony.com; size charts: nike.com/adidas.co.uk/asics.com/clarks.com
clarks-street-i-casual-130,Clarks,Street I,Casual,Unisex,UK,UK 3.5-12,"3.5,4,4.5,5,5.5,6,6.5,7,7.5,8,8.5,9,9.5,10,10.5,11,11.5,12","4.5,5,5.5,6,6.5,7,7.5,8,8.5,9,9.5,10,10.5,11,11.5,12,12.5,13","38,39,40,40.5,41,42,43,43.5,44,45,46,46.5,47,48,49,49.5,50,51",22,30.1,Narrow|Regular|Wide,8.74,10.94,regular,low,medium,suede,rubber,298,orange|red|pink|navy,91.26,4.6,64,in_stock,,Casual shoe with suede upper and rubber outsole; low cushioning and medium arch support for a regular feel.,clarks.com; size charts: nike.com/adidas.co.uk/asics.com/clarks.com
merrell-stride-iii-running-131,Merrell,Stride III,Running,Male,UK,UK 6-12,"6,6.5,7,7.5,8,8.5,9,9.5,10,10.5,11,11.5,12","7,7.5,8,8.5,9,9.5,10,10.5,11,11.5,12,12.5,13","42,43,43.5,44,45,46,46.5,47,48,49,49.5,50,51",24.5,30.1,Narrow|Regular,9.2,10.5,roomy,medium,low,engineered mesh,rubber,324,white|pink|yellow|purple,137.5,4.5,11,in_stock,,"Built for running days: engineered mesh upper, durable rubber outsole, medium cushion, low support, and a roomy fit.",merrell.com; size charts: nike.com/adidas.co.uk/asics.com/clarks.com
puma-skate-6-casual-132,PUMA,Skate 6,Casual,Male,UK,UK 6-12,"6,6.5,7,7.5,8,8.5,9,9.5,10,10.5,11,11.5,12","7,7.5,8,8.5,9,9.5,10,10.5,11,11.5,12,12.5,13","42,43,43.5,44,45,46,46.5,47,48,49,49.5,50,51",24.3,30.1,Regular,9.16,11.36,snug,medium,medium,suede,rubber,365,grey|purple,83.29,4.7,41,in_stock,,"Built for casual days: suede upper, durable rubber outsole, medium cushion, medium support, and a snug fit.",puma.com; size charts: nike.com/adidas.co.uk/asics.com/clarks.com
vans-classic-8-casual-133,Vans,Classic 8,Casual,Male,UK,UK 6-12,"6,6.5,7,7.5,8,8.5,9,9.5,10,10.5,11,11.5,12","7,7.5,8,8.5,9,9.5,10,10.5,11,11.5,12,12.5,13","42,43,43.5,44,45,46,46.5,47,48,49,49.5,50,51",24.3,30,Regular,9.15,11.35,regular,medium,high,leather,rubber,289,pink|green|red,60.1,4.1,115,low_stock,,"Built for casual days: leather upper, durable rubber outsole, medium cushion, high support, and a regular fit.",vans.com; size charts: nike.com/adidas.co.uk/asics.com/clarks.com
new-balance-classic-i-casual-134,New Balance,Classic I,Casual,Female,UK,UK 3-8.5,"3,3.5,4,4.5,5,5.5,6,6.5,7,7.5,8,8.5","5,5.5,6,6.5,7,7.5,8,8.5,9,9.5,10,10.5","37.5,38,39,40,40.5,41,42,43,43.5,44,45,46",21.6,27.1,Narrow|Regular|Wide,8.11,10.31,roomy,medium,medium,suede,gum rubber,319,black|beige,122.62,4.6,34,in_stock,,"Built for casual days: suede upper, durable gum rubber outsole, medium cushion, medium support, and a roomy fit.",newbalance.com; size charts: nike.com/adidas.co.uk/asics.com/clarks.com
timberland-pro-plus-athletic-135,Timberland,Pro Plus,Athletic,Female,UK,UK 3-8.5,"3,3.5,4,4.5,5,5.5,6,6.5,7,7.5,8,8.5","5,5.5,6,6.5,7,7.5,8,8.5,9,9.5,10,10.5","37.5,38,39,40,40.5,41,42,43,43.5,44,45,46",21.8,27,Regular,8.13,10.33,regular,medium,medium,synthetic mesh,rubber,342,green|beige|orange,132.35,3.9,199,in_stock,,Athletic shoe with synthetic mesh upper and rubber outsole; medium cushioning and medium arch support for a regular feel.,timberland.com; size charts: nike.com/adidas.co.uk/asics.com/clarks.com
adidas-everyday-iii-casual-136,Adidas,Everyday III,Casual,Male,UK,UK 6-12,"6,6.5,7,7.5,8,8.5,9,9.5,10,10.5,11,11.5,12","7,7.5,8,8.5,9,9.5,10,10.5,11,11.5,12,12.5,13","42,43,43.5,44,45,46,46.5,47,48,49,49.5,50,51",24.3,30,Narrow|Regular|Wide,9.15,11.35,regular,medium,low,suede,cupsole rubber,357,grey|tan,85.89,4.7,176,in_stock,,"Adidas casual footwear featuring suede, cupsole rubber, medium cushioning, low arch support, and a regular profile.",adidas.co.uk; size charts: nike.com/adidas.co.uk/asics.com/clarks.com
salomon-stride-prime-running-137,Salomon,Stride Prime,Running,Female,UK,UK 3-8,"3,3.5,4,4.5,5,5.5,6,6.5,7,7.5,8","5,5.5,6,6.5,7,7.5,8,8.5,9,9.5,10","37.5,38,39,40,40.5,41,42,43,43.5,44,45",21.6,26.5,Narrow|Regular|Wide,8,10.2,regular,medium,low,knit mesh,blown rubber,211,black|tan|beige,138.06,4.4,41,in_stock,,Running shoe with knit mesh upper and blown rubber outsole; medium cushioning and low arch support for a regular feel.,salomon.com; size charts: nike.com/adidas.co.uk/asics.com/clarks.com
new-balance-street-x-casual-138,New Balance,Street X,Casual,Female,UK,UK 3-8.5,"3,3.5,4,4.5,5,5.5,6,6.5,7,7.5,8,8.5","5,5.5,6,6.5,7,7.5,8,8.5,9,9.5,10,10.5","37.5,38,39,40,40.5,41,42,43,43.5,44,45,46",21.6,26.8,Narrow|Regular|Wide,8.05,10.25,regular,high,low,canvas,cupsole rubber,351,navy|blue|yellow|green,87.02,4.1,64,in_stock,,"New Balance casual footwear featuring canvas, cupsole rubber, high cushioning, low arch support, and a regular profile.",newbalance.com; size charts: nike.com/adidas.co.uk/asics.com/clarks.com
adidas-retro-8-casual-139,Adidas,Retro 8,Casual,Male,UK,UK 6-12,"6,6.5,7,7.5,8,8.5,9,9.5,10,10.5,11,11.5,12","7,7.5,8,8.5,9,9.5,10,10.5,11,11.5,12,12.5,13","42,43,43.5,44,45,46,46.5,47,48,49,49.5,50,51",24.4,30,Narrow|Regular|Wide,9.16,11.36,roomy,medium,medium,canvas,gum rubber,334,red|beige|yellow,103.79,4.4,29,in_stock,,Casual shoe with canvas upper and gum rubber outsole; medium cushioning and medium arch support for a roomy feel.,adidas.co.uk; size charts: nike.com/adidas.co.uk/asics.com/clarks.com
skechers-court-iii-casual-140,Skechers,Court III,Casual,Male,UK,UK 6-12,"6,6.5,7,7.5,8,8.5,9,9.5,10,10.5,11,11.5,12","7,7.5,8,8.5,9,9.5,10,10.5,11,11.5,12,12.5,13","42,43,43.5,44,45,46,46.5,47,48,49,49.5,50,51",24.4,29.9,Narrow|Regular,9.15,10.45,roomy,high,low,synthetic leather,cupsole rubber,350,white|navy|brown,66.57,4.2,53,in_stock,,"Skechers casual footwear featuring synthetic leather, cupsole rubber, high cushioning, low arch support, and a roomy profile.",skechers.com; size charts: nike.com/adidas.co.uk/asics.com/clarks.com
salomon-stride-elite-running-141,Salomon,Stride Elite,Running,Male,UK,UK 6-12,"6,6.5,7,7.5,8,8.5,9,9.5,10,10.5,11,11.5,12","7,7.5,8,8.5,9,9.5,10,10.5,11,11.5,12,12.5,13","42,43,43.5,44,45,46,46.5,47,48,49,49.5,50,51",24.3,30,Narrow,9.15,9.85,snug,low,low,knit mesh,rubber,305,green|orange,97.88,4.3,148,in_stock,,"Built for running days: knit mesh upper, durable rubber outsole, low cushion, low support, and a snug fit.",salomon.com; size charts: nike.com/adidas.co.uk/asics.com/clarks.com
brooks-loafer-elite-premium-formal-142,Brooks,Loafer Elite Premium,Formal,Male,UK,UK 6.5-12,"6.5,7,7.5,8,8.5,9,9.5,10,10.5,11,11.5,12","7.5,8,8.5,9,9.5,10,10.5,11,11.5,12,12.5,13","43,43.5,44,45,46,46.5,47,48,49,49.5,50,51",24.9,29.9,Narrow|Regular,9.24,10.54,regular,low,low,patent leather,rubber,441,white|brown|blue|navy,183.58,4.3,32,in_stock,,"Brooks formal footwear featuring patent leather, rubber, low cushioning, low arch support, and a regular profile.",brooksrunning.com; size charts: nike.com/adidas.co.uk/asics.com/clarks.com
timberland-flex-prime-athletic-143,Timberland,Flex Prime,Athletic,Male,UK,UK 6.5-12,"6.5,7,7.5,8,8.5,9,9.5,10,10.5,11,11.5,12","7.5,8,8.5,9,9.5,10,10.5,11,11.5,12,12.5,13","43,43.5,44,45,46,46.5,47,48,49,49.5,50,51",24.9,29.9,Regular,9.24,11.44,regular,high,medium,synthetic mesh,rubber,297,yellow|tan|brown|pink,131.2,4.4,53,in_stock,,Athletic shoe with synthetic mesh upper and rubber outsole; high cushioning and medium arch support for a regular feel.,timberland.com; size charts: nike.com/adidas.co.uk/asics.com/clarks.com
new-balance-pace-elite-running-144,New Balance,Pace Elite,Running,Male,UK,UK 6-12,"6,6.5,7,7.5,8,8.5,9,9.5,10,10.5,11,11.5,12","7,7.5,8,8.5,9,9.5,10,10.5,11,11.5,12,12.5,13","42,43,43.5,44,45,46,46.5,47,48,49,49.5,50,51",24.4,30,Regular|Wide,9.86,11.36,roomy,low,medium,engineered mesh,rubber,192,navy|orange,114.28,4.2,29,low_stock,,"Built for running days: engineered mesh upper, durable rubber outsole, low cushion, medium support, and a roomy fit.",newbalance.com; size charts: nike.com/adidas.co.uk/asics.com/clarks.com
new-balance-endorphin-x-air-running-145,New Balance,Endorphin X Air,Running,Unisex,UK,UK 3-12,"3,3.5,4,4.5,5,5.5,6,6.5,7,7.5,8,8.5,9,9.5,10,10.5,11,11.5,12","4,4.5,5,5.5,6,6.5,7,7.5,8,8.5,9,9.5,10,10.5,11,11.5,12,12.5,13","37.5,38,39,40,40.5,41,42,43,43.5,44,45,46,46.5,47,48,49,49.5,50,51",21.6,30,Regular|Wide,9.35,10.85,regular,medium,medium,knit mesh,rubber,271,red|yellow|tan,150.21,4.9,15,in_stock,,"Built for running days: knit mesh upper, durable rubber outsole, medium cushion, medium support, and a regular fit.",newbalance.com; size charts: nike.com/adidas.co.uk/asics.com/clarks.com
saucony-hyper-9-air-athletic-146,Saucony,Hyper 9 Air,Athletic,Female,UK,UK 3-8,"3,3.5,4,4.5,5,5.5,6,6.5,7,7.5,8","5,5.5,6,6.5,7,7.5,8,8.5,9,9.5,10","37.5,38,39,40,40.5,41,42,43,43.5,44,45",21.8,26.5,Regular|Wide,8.74,10.24,roomy,medium,high,synthetic leather,rubber,300,purple|pink|blue|tan,135.65,4.2,24,in_stock,,Athletic shoe with synthetic leather upper and rubber outsole; medium cushioning and high arch support for a roomy feel.,saucony.com; size charts: nike.com/adidas.co.uk/asics.com/clarks.com
nike-monk-x-formal-147,Nike,Monk X,Formal,Female,UK,UK 3-8,"3,3.5,4,4.5,5,5.5,6,6.5,7,7.5,8","5,5.5,6,6.5,7,7.5,8,8.5,9,9.5,10","37.5,38,39,40,40.5,41,42,43,43.5,44,45",21.9,26.7,Regular,8.09,10.29,regular,high,high,full-grain leather,leather,393,red|brown|pink,167.24,4.7,334,low_stock,,"Built for formal days: full-grain leather upper, durable leather outsole, high cushion, high support, and a regular fit.",nike.com; size charts: nike.com/adidas.co.uk/asics.com/clarks.com
converse-retro-4-casual-148,Converse,Retro 4,Casual,Male,UK,UK 6.5-11.5,"6.5,7,7.5,8,8.5,9,9.5,10,10.5,11,11.5","7.5,8,8.5,9,9.5,10,10.5,11,11.5,12,12.5","43,43.5,44,45,46,46.5,47,48,49,49.5,50",24.6,29.4,Regular|Wide,9.79,11.29,roomy,medium,medium,suede,gum rubber,301,grey|tan|black,74.88,4.1,59,in_stock,,Casual shoe with suede upper and gum rubber outsole; medium cushioning and medium arch support for a roomy feel.,converse.com; size charts: nike.com/adidas.co.uk/asics.com/clarks.com
merrell-zoom-plus-running-149,Merrell,Zoom Plus,Running,Male,UK,UK 6-12,"6,6.5,7,7.5,8,8.5,9,9.5,10,10.5,11,11.5,12","7,7.5,8,8.5,9,9.5,10,10.5,11,11.5,12,12.5,13","42,43,43.5,44,45,46,46.5,47,48,49,49.5,50,51",24.4,29.9,Narrow|Regular,9.15,10.45,roomy,low,low,synthetic mesh,rubber,338,yellow|brown,91.28,4.5,84,out_of_stock,,"Merrell running footwear featuring synthetic mesh, rubber, low cushioning, low arch support, and a roomy profile.",merrell.com; size charts: nike.com/adidas.co.uk/asics.com/clarks.com
brooks-drive-iii-runner-athletic-150,Brooks,Drive III Runner,Athletic,Male,UK,UK 6.5-11.5,"6.5,7,7.5,8,8.5,9,9.5,10,10.5,11,11.5","7.5,8,8.5,9,9.5,10,10.5,11,11.5,12,12.5","43,43.5,44,45,46,46.5,47,48,49,49.5,50",24.9,29.5,Wide,10.36,11.36,roomy,high,medium,synthetic mesh,TPU,292,navy|orange|beige,138.19,4.7,110,in_stock,,"Brooks athletic footwear featuring synthetic mesh, TPU, high cushioning, medium arch support, and a roomy profile.",brooksrunning.com; size charts: nike.com/adidas.co.uk/asics.com/clarks.com
brooks-drive-4-runner-athletic-151,Brooks,Drive 4 Runner,Athletic,Male,UK,UK 6.5-12,"6.5,7,7.5,8,8.5,9,9.5,10,10.5,11,11.5,12","7.5,8,8.5,9,9.5,10,10.5,11,11.5,12,12.5,13","43,43.5,44,45,46,46.5,47,48,49,49.5,50,51",24.7,29.9,Regular,9.2,11.4,regular,low,medium,knit,rubber,267,yellow|pink,138.71,4.4,86,in_stock,,"Built for athletic days: knit upper, durable rubber outsole, low cushion, medium support, and a regular fit.",brooksrunning.com; size charts: nike.com/adidas.co.uk/asics.com/clarks.com
salomon-pace-prime-running-152,Salomon,Pace Prime,Running,Female,UK,UK 3-8.5,"3,3.5,4,4.5,5,5.5,6,6.5,7,7.5,8,8.5","5,5.5,6,6.5,7,7.5,8,8.5,9,9.5,10,10.5","37.5,38,39,40,40.5,41,42,43,43.5,44,45,46",21.7,26.9,Narrow|Regular|Wide,8.09,10.29,regular,high,medium,knit mesh,rubber,236,purple|beige|orange|pink,138.69,4.1,52,in_stock,,Running shoe with knit mesh upper and rubber outsole; high cushioning and medium arch support for a regular feel.,salomon.com; size charts: nike.com/adidas.co.uk/asics.com/clarks.com
timberland-velocity-iii-running-153,Timberland,Velocity III,Running,Male,UK,UK 6-12,"6,6.5,7,7.5,8,8.5,9,9.5,10,10.5,11,11.5,12","7,7.5,8,8.5,9,9.5,10,10.5,11,11.5,12,12.5,13","42,43,43.5,44,45,46,46.5,47,48,49,49.5,50,51",24.4,30.1,Narrow|Regular|Wide,9.18,11.38,snug,high,high,knit mesh,blown rubber,346,pink|black|green|orange,142.57,3.8,45,in_stock,,Running shoe with knit mesh upper and blown rubber outsole; high cushioning and high arch support for a snug feel.,timberland.com; size charts: nike.com/adidas.co.uk/asics.com/clarks.com
new-balance-wingtip-4-premium-formal-154,New Balance,Wingtip 4 Premium,Formal,Male,UK,UK 6-12,"6,6.5,7,7.5,8,8.5,9,9.5,10,10.5,11,11.5,12","7,7.5,8,8.5,9,9.5,10,10.5,11,11.5,12,12.5,13","42,43,43.5,44,45,46,46.5,47,48,49,49.5,50,51",24.3,30.1,Regular|Wide,9.86,11.36,regular,low,medium,full-grain leather,rubber,456,grey|black|blue|purple,128.4,4.4,102,in_stock,,Formal shoe with full-grain leather upper and rubber outsole; low cushioning and medium arch support for a regular feel.,newbalance.com; size charts: nike.com/adidas.co.uk/asics.com/clarks.com
timberland-stride-4-running-155,Timberland,Stride 4,Running,Female,UK,UK 3-8,"3,3.5,4,4.5,5,5.5,6,6.5,7,7.5,8","5,5.5,6,6.5,7,7.5,8,8.5,9,9.5,10","37.5,38,39,40,40.5,41,42,43,43.5,44,45",21.6,26.5,Wide,9.2,10.2,regular,medium,medium,knit mesh,carbon rubber,207,grey|tan|black,146.64,4.3,18,in_stock,,"Built for running days: knit mesh upper, durable carbon rubber outsole, medium cushion, medium support, and a regular fit.",timberland.com; size charts: nike.com/adidas.co.uk/asics.com/clarks.com
adidas-street-7-casual-156,Adidas,Street 7,Casual,Female,UK,UK 3-8.5,"3,3.5,4,4.5,5,5.5,6,6.5,7,7.5,8,8.5","5,5.5,6,6.5,7,7.5,8,8.5,9,9.5,10,10.5","37.5,38,39,40,40.5,41,42,43,43.5,44,45,46",21.7,27.1,Regular,8.13,10.33,regular,low,low,synthetic leather,cupsole rubber,371,brown|orange|tan|beige,95.45,4.4,64,in_stock,,"Adidas casual footwear featuring synthetic leather, cupsole rubber, low cushioning, low arch support, and a regular profile.",adidas.co.uk; size charts: nike.com/adidas.co.uk/asics.com/clarks.com
adidas-power-elite-athletic-157,Adidas,Power Elite,Athletic,Female,UK,UK 3-8.5,"3,3.5,4,4.5,5,5.5,6,6.5,7,7.5,8,8.5","5,5.5,6,6.5,7,7.5,8,8.5,9,9.5,10,10.5","37.5,38,39,40,40.5,41,42,43,43.5,44,45,46",21.6,27,Wide,9.29,10.29,snug,medium,low,synthetic mesh,non-marking rubber,365,orange|green,121.02,4.3,80,out_of_stock,,"Built for athletic days: synthetic mesh upper, durable non-marking rubber outsole, medium cushion, low support, and a snug fit.",adidas.co.uk; size charts: nike.com/adidas.co.uk/asics.com/clarks.com
asics-endorphin-prime-air-running-158,ASICS,Endorphin Prime Air,Running,Male,UK,UK 6-11.5,"6,6.5,7,7.5,8,8.5,9,9.5,10,10.5,11,11.5","7,7.5,8,8.5,9,9.5,10,10.5,11,11.5,12,12.5","42,43,43.5,44,45,46,46.5,47,48,49,49.5,50",24.2,29.6,Wide,10.25,11.25,snug,high,medium,knit mesh,rubber,285,grey|yellow|beige|pink,109.68,3.9,34,out_of_stock,,"ASICS running footwear featuring knit mesh, rubber, high cushioning, medium arch support, and a snug profile.",asics.com; size charts: nike.com/adidas.co.uk/asics.com/clarks.com
converse-ridge-6-trail-159,Converse,Ridge 6,Trail,Male,UK,UK 6-12,"6,6.5,7,7.5,8,8.5,9,9.5,10,10.5,11,11.5,12","7,7.5,8,8.5,9,9.5,10,10.5,11,11.5,12,12.5,13","42,43,43.5,44,45,46,46.5,47,48,49,49.5,50,51",24.5,29.9,Narrow|Regular|Wide,9.16,11.36,regular,high,low,synthetic mesh,Vibram-style rubber,373,black|pink|tan,137.24,4,47,low_stock,,"Built for trail days: synthetic mesh upper, durable Vibram-style rubber outsole, high cushion, low support, and a regular fit.",converse.com; size charts: nike.com/adidas.co.uk/asics.com/clarks.com
timberland-captoe-elite-formal-160,Timberland,Captoe Elite,Formal,Unisex,UK,UK 3-12,"3,3.5,4,4.5,5,5.5,6,6.5,7,7.5,8,8.5,9,9.5,10,10.5,11,11.5,12","4,4.5,5,5.5,6,6.5,7,7.5,8,8.5,9,9.5,10,10.5,11,11.5,12,12.5,13","37.5,38,39,40,40.5,41,42,43,43.5,44,45,46,46.5,47,48,49,49.5,50,51",21.8,30.1,Regular,8.7,10.9,roomy,low,medium,suede leather,leather,471,tan|navy|green,131.18,4.3,93,low_stock,,Formal shoe with suede leather upper and leather outsole; low cushioning and medium arch support for a roomy feel.,timberland.com; size charts: nike.com/adidas.co.uk/asics.com/clarks.com
reebok-stride-6-running-161,Reebok,Stride 6,Running,Male,UK,UK 6-12,"6,6.5,7,7.5,8,8.5,9,9.5,10,10.5,11,11.5,12","7,7.5,8,8.5,9,9.5,10,10.5,11,11.5,12,12.5,13","42,43,43.5,44,45,46,46.5,47,48,49,49.5,50,51",24.2,30,Regular,9.13,11.33,snug,high,low,engineered mesh,rubber,326,tan|black,136.63,4.2,29,in_stock,,"Built for running days: engineered mesh upper, durable rubber outsole, high cushion, low support, and a snug fit.",reebok.com; size charts: nike.com/adidas.co.uk/asics.com/clarks.com
brooks-endorphin-prime-running-162,Brooks,Endorphin Prime,Running,Female,UK,UK 3-8,"3,3.5,4,4.5,5,5.5,6,6.5,7,7.5,8","5,5.5,6,6.5,7,7.5,8,8.5,9,9.5,10","37.5,38,39,40,40.5,41,42,43,43.5,44,45",21.7,26.5,Narrow,8.02,8.72,regular,medium,medium,knit mesh,blown rubber,292,red|black,156.18,4.7,16,in_stock,,Running shoe with knit mesh upper and blown rubber outsole; medium cushioning and medium arch support for a regular feel.,brooksrunning.com; size charts: nike.com/adidas.co.uk/asics.com/clarks.com
skechers-skate-elite-casual-163,Skechers,Skate Elite,Casual,Male,UK,UK 6-12,"6,6.5,7,7.5,8,8.5,9,9.5,10,10.5,11,11.5,12","7,7.5,8,8.5,9,9.5,10,10.5,11,11.5,12,12.5,13","42,43,43.5,44,45,46,46.5,47,48,49,49.5,50,51",24.2,30.1,Regular|Wide,9.85,11.35,regular,low,low,canvas,rubber,359,beige|purple|red,107.01,3.3,162,in_stock,,"Built for casual days: canvas upper, durable rubber outsole, low cushion, low support, and a regular fit.",skechers.com; size charts: nike.com/adidas.co.uk/asics.com/clarks.com
hoka-loafer-max-air-formal-164,HOKA,Loafer Max Air,Formal,Male,UK,UK 6.5-12,"6.5,7,7.5,8,8.5,9,9.5,10,10.5,11,11.5,12","7.5,8,8.5,9,9.5,10,10.5,11,11.5,12,12.5,13","43,43.5,44,45,46,46.5,47,48,49,49.5,50,51",24.7,29.8,Narrow,9.18,9.88,roomy,medium,medium,suede leather,TPU,397,red|orange|white,186.31,3.9,103,in_stock,,"Built for formal days: suede leather upper, durable TPU outsole, medium cushion, medium support, and a roomy fit.",hoka.com; size charts: nike.com/adidas.co.uk/asics.com/clarks.com
timberland-retro-elite-casual-165,Timberland,Retro Elite,Casual,Male,UK,UK 6-12,"6,6.5,7,7.5,8,8.5,9,9.5,10,10.5,11,11.5,12","7,7.5,8,8.5,9,9.5,10,10.5,11,11.5,12,12.5,13","42,43,43.5,44,45,46,46.5,47,48,49,49.5,50,51",24.2,30.1,Regular,9.15,11.35,regular,medium,medium,synthetic leather,gum rubber,385,green|yellow|purple,69.08,4.4,120,in_stock,,Casual shoe with synthetic leather upper and gum rubber outsole; medium cushioning and medium arch support for a regular feel.,timberland.com; size charts: nike.com/adidas.co.uk/asics.com/clarks.com
vans-urban-max-casual-166,Vans,Urban Max,Casual,Female,UK,UK 3-8,"3,3.5,4,4.5,5,5.5,6,6.5,7,7.5,8","5,5.5,6,6.5,7,7.5,8,8.5,9,9.5,10","37.5,38,39,40,40.5,41,42,43,43.5,44,45",21.7,26.6,Narrow|Regular,8.04,9.34,roomy,low,low,suede,cupsole rubber,270,pink|purple|brown,112.83,4.1,33,out_of_stock,,Casual shoe with suede upper and cupsole rubber outsole; low cushioning and low arch support for a roomy feel.,vans.com; size charts: nike.com/adidas.co.uk/asics.com/clarks.com
skechers-chelsea-9-formal-167,Skechers,Chelsea 9,Formal,Male,UK,UK 6.5-12,"6.5,7,7.5,8,8.5,9,9.5,10,10.5,11,11.5,12","7.5,8,8.5,9,9.5,10,10.5,11,11.5,12,12.5,13","43,43.5,44,45,46,46.5,47,48,49,49.5,50,51",24.7,29.9,Narrow|Regular|Wide,9.2,11.4,regular,high,medium,suede leather,TPU,358,tan|navy,103.88,3.9,40,low_stock,,"Built for formal days: suede leather upper, durable TPU outsole, high cushion, medium support, and a regular fit.",skechers.com; size charts: nike.com/adidas.co.uk/asics.com/clarks.com
saucony-swift-i-running-168,Saucony,Swift I,Running,Unisex,UK,UK 3-12,"3,3.5,4,4.5,5,5.5,6,6.5,7,7.5,8,8.5,9,9.5,10,10.5,11,11.5,12","4,4.5,5,5.5,6,6.5,7,7.5,8,8.5,9,9.5,10,10.5,11,11.5,12,12.5,13","37.5,38,39,40,40.5,41,42,43,43.5,44,45,46,46.5,47,48,49,49.5,50,51",21.6,29.9,Narrow,8.63,9.33,roomy,high,low,synthetic mesh,rubber,266,tan|blue,141.05,3.7,24,in_stock,,Running shoe with synthetic mesh upper and rubber outsole; high cushioning and low arch support for a roomy feel.,saucony.com; size charts: nike.com/adidas.co.uk/asics.com/clarks.com
reebok-trainer-max-athletic-169,Reebok,Trainer Max,Athletic,Female,UK,UK 3-8.5,"3,3.5,4,4.5,5,5.5,6,6.5,7,7.5,8,8.5","5,5.5,6,6.5,7,7.5,8,8.5,9,9.5,10,10.5","37.5,38,39,40,40.5,41,42,43,43.5,44,45,46",21.8,27,Regular,8.13,10.33,regular,medium,low,synthetic leather,rubber,259,black|blue|brown,121.01,4.9,57,in_stock,,"Reebok athletic footwear featuring synthetic leather, rubber, medium cushioning, low arch support, and a regular profile.",reebok.com; size charts: nike.com/adidas.co.uk/asics.com/clarks.com
skechers-canvas-6-casual-170,Skechers,Canvas 6,Casual,Female,UK,UK 3.5-8,"3.5,4,4.5,5,5.5,6,6.5,7,7.5,8","5.5,6,6.5,7,7.5,8,8.5,9,9.5,10","38,39,40,40.5,41,42,43,43.5,44,45",22.3,26.5,Regular,8.13,10.33,snug,medium,medium,leather,gum rubber,330,green|orange|grey,106.68,4.8,120,out_of_stock,,Casual shoe with leather upper and gum rubber outsole; medium cushioning and medium arch support for a snug feel.,skechers.com; size charts: nike.com/adidas.co.uk/asics.com/clarks.com
reebok-ridge-max-trail-171,Reebok,Ridge Max,Trail,Male,UK,UK 6-12,"6,6.5,7,7.5,8,8.5,9,9.5,10,10.5,11,11.5,12","7,7.5,8,8.5,9,9.5,10,10.5,11,11.5,12,12.5,13","42,43,43.5,44,45,46,46.5,47,48,49,49.5,50,51",24.4,29.9,Regular,9.15,11.35,snug,high,high,synthetic mesh,Vibram-style rubber,339,purple|brown|beige,102.24,4,57,in_stock,,Trail shoe with synthetic mesh upper and Vibram-style rubber outsole; high cushioning and high arch support for a snug feel.,reebok.com; size charts: nike.com/adidas.co.uk/asics.com/clarks.com
nike-aero-7-running-172,Nike,Aero 7,Running,Female,UK,UK 3-8.5,"3,3.5,4,4.5,5,5.5,6,6.5,7,7.5,8,8.5","5,5.5,6,6.5,7,7.5,8,8.5,9,9.5,10,10.5","37.5,38,39,40,40.5,41,42,43,43.5,44,45,46",21.8,27,Regular,8.13,10.33,snug,high,medium,knit mesh,carbon rubber,187,orange|brown,161.2,4,34,in_stock,,Running shoe with knit mesh upper and carbon rubber outsole; high cushioning and medium arch support for a snug feel.,nike.com; size charts: nike.com/adidas.co.uk/asics.com/clarks.com
new-balance-wingtip-6-runner-formal-173,New Balance,Wingtip 6 Runner,Formal,Male,UK,UK 6-12,"6,6.5,7,7.5,8,8.5,9,9.5,10,10.5,11,11.5,12","7,7.5,8,8.5,9,9.5,10,10.5,11,11.5,12,12.5,13","42,43,43.5,44,45,46,46.5,47,48,49,49.5,50,51",24.4,29.9,Narrow|Regular|Wide,9.15,11.35,regular,low,medium,patent leather,leather,473,brown|tan,174.51,4.3,144,in_stock,,"New Balance formal footwear featuring patent leather, leather, low cushioning, medium arch support, and a regular profile.",newbalance.com; size charts: nike.com/adidas.co.uk/asics.com/clarks.com
asics-stride-6-running-174,ASICS,Stride 6,Running,Unisex,UK,UK 3-12,"3,3.5,4,4.5,5,5.5,6,6.5,7,7.5,8,8.5,9,9.5,10,10.5,11,11.5,12","4,4.5,5,5.5,6,6.5,7,7.5,8,8.5,9,9.5,10,10.5,11,11.5,12,12.5,13","37.5,38,39,40,40.5,41,42,43,43.5,44,45,46,46.5,47,48,49,49.5,50,51",21.6,30.1,Narrow|Regular|Wide,8.66,10.86,regular,high,medium,knit mesh,carbon rubber,351,tan|black|white,136.45,4.9,46,low_stock,,"Built for running days: knit mesh upper, durable carbon rubber outsole, high cushion, medium support, and a regular fit.",asics.com; size charts: nike.com/adidas.co.uk/asics.com/clarks.com
saucony-glide-5-running-175,Saucony,Glide 5,Running,Male,UK,UK 6-12,"6,6.5,7,7.5,8,8.5,9,9.5,10,10.5,11,11.5,12","7,7.5,8,8.5,9,9.5,10,10.5,11,11.5,12,12.5,13","42,43,43.5,44,45,46,46.5,47,48,49,49.5,50,51",24.2,30,Narrow|Regular|Wide,9.13,11.33,regular,medium,medium,synthetic mesh,rubber,312,yellow|blue|grey,106.09,4.3,60,in_stock,,"Saucony running footwear featuring synthetic mesh, rubber, medium cushioning, medium arch support, and a regular profile.",saucony.com; size charts: nike.com/adidas.co.uk/asics.com/clarks.com
merrell-summit-8-trail-176,Merrell,Summit 8,Trail,Female,UK,UK 3-8.5,"3,3.5,4,4.5,5,5.5,6,6.5,7,7.5,8,8.5","5,5.5,6,6.5,7,7.5,8,8.5,9,9.5,10,10.5","37.5,38,39,40,40.5,41,42,43,43.5,44,45,46",21.8,27,Narrow,8.13,8.83,roomy,low,high,synthetic mesh,Vibram-style rubber,343,grey|beige|green|blue,137.57,4.3,83,low_stock,,"Built for trail days: synthetic mesh upper, durable Vibram-style rubber outsole, low cushion, high support, and a roomy fit.",merrell.com; size charts: nike.com/adidas.co.uk/asics.com/clarks.com
new-balance-canyon-8-gt-trail-177,New Balance,Canyon 8 GT,Trail,Female,UK,UK 3-8,"3,3.5,4,4.5,5,5.5,6,6.5,7,7.5,8","5,5.5,6,6.5,7,7.5,8,8.5,9,9.5,10","37.5,38,39,40,40.5,41,42,43,43.5,44,45",21.7,26.4,Narrow|Regular,8,9.3,regular,high,medium,ripstop mesh,Vibram-style rubber,354,brown|yellow|pink,147.9,3.7,32,in_stock,,"New Balance trail footwear featuring ripstop mesh, Vibram-style rubber, high cushioning, medium arch support, and a regular profile.",newbalance.com; size charts: nike.com/adidas.co.uk/asics.com/clarks.com
brooks-skate-7-casual-178,Brooks,Skate 7,Casual,Unisex,UK,UK 3-12,"3,3.5,4,4.5,5,5.5,6,6.5,7,7.5,8,8.5,9,9.5,10,10.5,11,11.5,12","4,4.5,5,5.5,6,6.5,7,7.5,8,8.5,9,9.5,10,10.5,11,11.5,12,12.5,13","37.5,38,39,40,40.5,41,42,43,43.5,44,45,46,46.5,47,48,49,49.5,50,51",21.7,29.9,Narrow|Regular,8.65,9.95,roomy,high,low,synthetic leather,gum rubber,310,blue|red|black,107.82,4.1,110,in_stock,,Casual shoe with synthetic leather upper and gum rubber outsole; high cushioning and low arch support for a roomy feel.,brooksrunning.com; size charts: nike.com/adidas.co.uk/asics.com/clarks.com
hoka-outback-4-trail-179,HOKA,Outback 4,Trail,Unisex,UK,UK 3-12,"3,3.5,4,4.5,5,5.5,6,6.5,7,7.5,8,8.5,9,9.5,10,10.5,11,11.5,12","4,4.5,5,5.5,6,6.5,7,7.5,8,8.5,9,9.5,10,10.5,11,11.5,12,12.5,13","37.5,38,39,40,40.5,41,42,43,43.5,44,45,46,46.5,47,48,49,49.5,50,51",21.6,30,Narrow|Regular|Wide,8.65,10.85,regular,medium,low,synthetic mesh,lugged rubber,378,yellow|white,134.4,4,162,low_stock,,"Built for trail days: synthetic mesh upper, durable lugged rubber outsole, medium cushion, low support, and a regular fit.",hoka.com; size charts: nike.com/adidas.co.uk/asics.com/clarks.com
vans-captoe-plus-formal-180,Vans,Captoe Plus,Formal,Unisex,UK,UK 3-12,"3,3.5,4,4.5,5,5.5,6,6.5,7,7.5,8,8.5,9,9.5,10,10.5,11,11.5,12","4,4.5,5,5.5,6,6.5,7,7.5,8,8.5,9,9.5,10,10.5,11,11.5,12,12.5,13","37.5,38,39,40,40.5,41,42,43,43.5,44,45,46,46.5,47,48,49,49.5,50,51",21.8,30.1,Regular,8.7,10.9,regular,medium,medium,full-grain leather,TPU,453,black|blue|purple,111.9,3.9,120,in_stock,,Formal shoe with full-grain leather upper and TPU outsole; medium cushioning and medium arch support for a regular feel.,vans.com; size charts: nike.com/adidas.co.uk/asics.com/clarks.com
adidas-retro-ii-casual-181,Adidas,Retro II,Casual,Female,UK,UK 3-8.5,"3,3.5,4,4.5,5,5.5,6,6.5,7,7.5,8,8.5","5,5.5,6,6.5,7,7.5,8,8.5,9,9.5,10,10.5","37.5,38,39,40,40.5,41,42,43,43.5,44,45,46",21.8,26.9,Narrow|Regular|Wide,8.11,10.31,roomy,low,high,suede,cupsole rubber,329,white|purple|green,90.31,3.3,49,out_of_stock,,"Built for casual days: suede upper, durable cupsole rubber outsole, low cushion, high support, and a roomy fit.",adidas.co.uk; size charts: nike.com/adidas.co.uk/asics.com/clarks.com
hoka-hyper-6-athletic-182,HOKA,Hyper 6,Athletic,Unisex,UK,UK 3-12,"3,3.5,4,4.5,5,5.5,6,6.5,7,7.5,8,8.5,9,9.5,10,10.5,11,11.5,12","4,4.5,5,5.5,6,6.5,7,7.5,8,8.5,9,9.5,10,10.5,11,11.5,12,12.5,13","37.5,38,39,40,40.5,41,42,43,43.5,44,45,46,46.5,47,48,49,49.5,50,51",21.9,30.1,Regular,8.72,10.92,regular,medium,high,synthetic mesh,TPU,317,pink|grey|white,125.63,4.1,60,in_stock,,"Built for athletic days: synthetic mesh upper, durable TPU outsole, medium cushion, high support, and a regular fit.",hoka.com; size charts: nike.com/adidas.co.uk/asics.com/clarks.com
saucony-charge-max-premium-athletic-183,Saucony,Charge Max Premium,Athletic,Unisex,UK,UK 3-11.5,"3,3.5,4,4.5,5,5.5,6,6.5,7,7.5,8,8.5,9,9.5,10,10.5,11,11.5","4,4.5,5,5.5,6,6.5,7,7.5,8,8.5,9,9.5,10,10.5,11,11.5,12,12.5","37.5,38,39,40,40.5,41,42,43,43.5,44,45,46,46.5,47,48,49,49.5,50",21.8,29.5,Narrow|Regular|Wide,8.59,10.79,roomy,low,medium,synthetic leather,TPU,234,yellow|pink|brown,145.59,4,147,in_stock,,"Saucony athletic footwear featuring synthetic leather, TPU, low cushioning, medium arch support, and a roomy profile.",saucony.com; size charts: nike.com/adidas.co.uk/asics.com/clarks.com
timberland-dress-ii-formal-184,Timberland,Dress II,Formal,Unisex,UK,UK 3-12,"3,3.5,4,4.5,5,5.5,6,6.5,7,7.5,8,8.5,9,9.5,10,10.5,11,11.5,12","4,4.5,5,5.5,6,6.5,7,7.5,8,8.5,9,9.5,10,10.5,11,11.5,12,12.5,13","37.5,38,39,40,40.5,41,42,43,43.5,44,45,46,46.5,47,48,49,49.5,50,51",21.7,30.1,Narrow|Regular|Wide,8.68,10.88,snug,medium,medium,suede leather,TPU,389,orange|pink|brown|red,164.21,3.9,172,low_stock,,Formal shoe with suede leather upper and TPU outsole; medium cushioning and medium arch support for a snug feel.,timberland.com; size charts: nike.com/adidas.co.uk/asics.com/clarks.com
brooks-lo-elite-gt-casual-185,Brooks,Lo Elite GT,Casual,Male,UK,UK 6-12,"6,6.5,7,7.5,8,8.5,9,9.5,10,10.5,11,11.5,12","7,7.5,8,8.5,9,9.5,10,10.5,11,11.5,12,12.5,13","42,43,43.5,44,45,46,46.5,47,48,49,49.5,50,51",24.4,30.1,Narrow,9.18,9.88,regular,low,low,leather,rubber,350,blue|tan,89.37,4.2,48,in_stock,,"Brooks casual footwear featuring leather, rubber, low cushioning, low arch support, and a regular profile.",brooksrunning.com; size charts: nike.com/adidas.co.uk/asics.com/clarks.com
brooks-urban-prime-casual-186,Brooks,Urban Prime,Casual,Female,UK,UK 3.5-8.5,"3.5,4,4.5,5,5.5,6,6.5,7,7.5,8,8.5","5.5,6,6.5,7,7.5,8,8.5,9,9.5,10,10.5","38,39,40,40.5,41,42,43,43.5,44,45,46",22,26.9,Wide,9.35,10.35,roomy,medium,medium,canvas,cupsole rubber,390,navy|beige|tan,105.68,4.5,32,out_of_stock,,"Brooks casual footwear featuring canvas, cupsole rubber, medium cushioning, medium arch support, and a roomy profile.",brooksrunning.com; size charts: nike.com/adidas.co.uk/asics.com/clarks.com
clarks-urban-x-casual-187,Clarks,Urban X,Casual,Male,UK,UK 6-12,"6,6.5,7,7.5,8,8.5,9,9.5,10,10.5,11,11.5,12","7,7.5,8,8.5,9,9.5,10,10.5,11,11.5,12,12.5,13","42,43,43.5,44,45,46,46.5,47,48,49,49.5,50,51",24.4,29.9,Regular,9.15,11.35,regular,medium,medium,suede,rubber,343,black|blue|tan,123.37,3.7,19,in_stock,,Casual shoe with suede upper and rubber outsole; medium cushioning and medium arch support for a regular feel.,clarks.com; size charts: nike.com/adidas.co.uk/asics.com/clarks.com
timberland-peak-4-trail-188,Timberland,Peak 4,Trail,Female,UK,UK 3.5-8.5,"3.5,4,4.5,5,5.5,6,6.5,7,7.5,8,8.5","5.5,6,6.5,7,7.5,8,8.5,9,9.5,10,10.5","38,39,40,40.5,41,42,43,43.5,44,45,46",22.1,26.9,Narrow|Regular|Wide,8.16,10.36,snug,low,medium,synthetic mesh,Vibram-style rubber,307,white|blue|navy|pink,142.5,4.4,60,in_stock,,"Timberland trail footwear featuring synthetic mesh, Vibram-style rubber, low cushioning, medium arch support, and a snug profile.",timberland.com; size charts: nike.com/adidas.co.uk/asics.com/clarks.com
merrell-charge-elite-athletic-189,Merrell,Charge Elite,Athletic,Unisex,UK,UK 3-12,"3,3.5,4,4.5,5,5.5,6,6.5,7,7.5,8,8.5,9,9.5,10,10.5,11,11.5,12","4,4.5,5,5.5,6,6.5,7,7.5,8,8.5,9,9.5,10,10.5,11,11.5,12,12.5,13","37.5,38,39,40,40.5,41,42,43,43.5,44,45,46,46.5,47,48,49,49.5,50,51",21.7,30,Wide,9.86,10.86,regular,medium,high,synthetic leather,non-marking rubber,302,purple|white|green|red,98.79,3.9,35,in_stock,,"Built for athletic days: synthetic leather upper, durable non-marking rubber outsole, medium cushion, high support, and a regular fit.",merrell.com; size charts: nike.com/adidas.co.uk/asics.com/clarks.com
hoka-trailblazer-max-trail-190,HOKA,Trailblazer Max,Trail,Male,UK,UK 6-11.5,"6,6.5,7,7.5,8,8.5,9,9.5,10,10.5,11,11.5","7,7.5,8,8.5,9,9.5,10,10.5,11,11.5,12,12.5","42,43,43.5,44,45,46,46.5,47,48,49,49.5,50",24.3,29.7,Narrow|Regular|Wide,9.09,11.29,roomy,medium,low,ripstop mesh,lugged rubber,354,yellow|orange|green,172.7,4.4,185,in_stock,,Trail shoe with ripstop mesh upper and lugged rubber outsole; medium cushioning and low arch support for a roomy feel.,hoka.com; size charts: nike.com/adidas.co.uk/asics.com/clarks.com
puma-pace-9-running-191,PUMA,Pace 9,Running,Female,UK,UK 3.5-8.5,"3.5,4,4.5,5,5.5,6,6.5,7,7.5,8,8.5","5.5,6,6.5,7,7.5,8,8.5,9,9.5,10,10.5","38,39,40,40.5,41,42,43,43.5,44,45,46",22.3,26.8,Narrow|Regular,8.18,9.48,regular,medium,medium,knit mesh,carbon rubber,320,tan|orange|green|pink,120.61,4.2,42,in_stock,,Running shoe with knit mesh upper and carbon rubber outsole; medium cushioning and medium arch support for a regular feel.,puma.com; size charts: nike.com/adidas.co.uk/asics.com/clarks.com
asics-power-plus-athletic-192,ASICS,Power Plus,Athletic,Male,UK,UK 6-11.5,"6,6.5,7,7.5,8,8.5,9,9.5,10,10.5,11,11.5","7,7.5,8,8.5,9,9.5,10,10.5,11,11.5,12,12.5","42,43,43.5,44,45,46,46.5,47,48,49,49.5,50",24.2,29.4,Narrow|Regular,9.02,10.32,regular,low,medium,knit,non-marking rubber,311,yellow|orange|black|tan,127.96,4.1,17,in_stock,,"ASICS athletic footwear featuring knit, non-marking rubber, low cushioning, medium arch support, and a regular profile.",asics.com; size charts: nike.com/adidas.co.uk/asics.com/clarks.com
timberland-lo-iii-casual-193,Timberland,Lo III,Casual,Male,UK,UK 6.5-12,"6.5,7,7.5,8,8.5,9,9.5,10,10.5,11,11.5,12","7.5,8,8.5,9,9.5,10,10.5,11,11.5,12,12.5,13","43,43.5,44,45,46,46.5,47,48,49,49.5,50,51",24.7,30,Narrow|Regular|Wide,9.22,11.42,snug,medium,medium,canvas,gum rubber,358,pink|yellow|purple,97.3,4.1,72,in_stock,,Casual shoe with canvas upper and gum rubber outsole; medium cushioning and medium arch support for a snug feel.,timberland.com; size charts: nike.com/adidas.co.uk/asics.com/clarks.com
reebok-classic-plus-casual-194,Reebok,Classic Plus,Casual,Female,UK,UK 3.5-8.5,"3.5,4,4.5,5,5.5,6,6.5,7,7.5,8,8.5","5.5,6,6.5,7,7.5,8,8.5,9,9.5,10,10.5","38,39,40,40.5,41,42,43,43.5,44,45,46",22.3,27,Regular,8.22,10.42,snug,medium,high,synthetic leather,cupsole rubber,309,red|orange,89.99,3.7,83,in_stock,,"Reebok casual footwear featuring synthetic leather, cupsole rubber, medium cushioning, high arch support, and a snug profile.",reebok.com; size charts: nike.com/adidas.co.uk/asics.com/clarks.com
merrell-brogue-i-formal-195,Merrell,Brogue I,Formal,Male,UK,UK 6-12,"6,6.5,7,7.5,8,8.5,9,9.5,10,10.5,11,11.5,12","7,7.5,8,8.5,9,9.5,10,10.5,11,11.5,12,12.5,13","42,43,43.5,44,45,46,46.5,47,48,49,49.5,50,51",24.4,29.9,Narrow|Regular|Wide,9.15,11.35,regular,medium,medium,suede leather,TPU,318,beige|yellow|blue,166.5,4,64,out_of_stock,,"Built for formal days: suede leather upper, durable TPU outsole, medium cushion, medium support, and a regular fit.",merrell.com; size charts: nike.com/adidas.co.uk/asics.com/clarks.com
skechers-heritage-9-casual-196,Skechers,Heritage 9,Casual,Female,UK,UK 3-8,"3,3.5,4,4.5,5,5.5,6,6.5,7,7.5,8","5,5.5,6,6.5,7,7.5,8,8.5,9,9.5,10","37.5,38,39,40,40.5,41,42,43,43.5,44,45",21.6,26.4,Regular|Wide,8.68,10.18,roomy,medium,medium,leather,gum rubber,320,grey|orange,72.83,3.9,88,low_stock,,Casual shoe with leather upper and gum rubber outsole; medium cushioning and medium arch support for a roomy feel.,skechers.com; size charts: nike.com/adidas.co.uk/asics.com/clarks.com
salomon-surge-9-running-197,Salomon,Surge 9,Running,Female,UK,UK 3-8.5,"3,3.5,4,4.5,5,5.5,6,6.5,7,7.5,8,8.5","5,5.5,6,6.5,7,7.5,8,8.5,9,9.5,10,10.5","37.5,38,39,40,40.5,41,42,43,43.5,44,45,46",21.6,27,Regular|Wide,8.79,10.29,snug,low,medium,synthetic mesh,carbon rubber,245,blue|green|navy,165.69,3.8,54,in_stock,,Running shoe with synthetic mesh upper and carbon rubber outsole; low cushioning and medium arch support for a snug feel.,salomon.com; size charts: nike.com/adidas.co.uk/asics.com/clarks.com
brooks-captoe-4-premium-formal-198,Brooks,Captoe 4 Premium,Formal,Female,UK,UK 3-8.5,"3,3.5,4,4.5,5,5.5,6,6.5,7,7.5,8,8.5","5,5.5,6,6.5,7,7.5,8,8.5,9,9.5,10,10.5","37.5,38,39,40,40.5,41,42,43,43.5,44,45,46",21.6,26.9,Narrow|Regular|Wide,8.07,10.27,regular,medium,high,full-grain leather,TPU,368,blue|black|navy|tan,144.98,4.6,91,in_stock,,"Brooks formal footwear featuring full-grain leather, TPU, medium cushioning, high arch support, and a regular profile.",brooksrunning.com; size charts: nike.com/adidas.co.uk/asics.com/clarks.com
converse-terra-9-trail-199,Converse,Terra 9,Trail,Female,UK,UK 3-8.5,"3,3.5,4,4.5,5,5.5,6,6.5,7,7.5,8,8.5","5,5.5,6,6.5,7,7.5,8,8.5,9,9.5,10,10.5","37.5,38,39,40,40.5,41,42,43,43.5,44,45,46",21.9,27,Narrow|Regular|Wide,8.15,10.35,roomy,medium,medium,gore-tex membrane,sticky rubber,314,green|orange|yellow,122.07,3.9,32,in_stock,,"Built for trail days: gore-tex membrane upper, durable sticky rubber outsole, medium cushion, medium support, and a roomy fit.",converse.com; size charts: nike.com/adidas.co.uk/asics.com/clarks.com
brooks-street-max-pro-casual-200,Brooks,Street Max Pro,Casual,Female,UK,UK 3.5-8,"3.5,4,4.5,5,5.5,6,6.5,7,7.5,8","5.5,6,6.5,7,7.5,8,8.5,9,9.5,10","38,39,40,40.5,41,42,43,43.5,44,45",22.2,26.5,Regular,8.11,10.31,regular,low,low,canvas,cupsole rubber,361,navy|grey|purple,84.13,3.9,75,in_stock,,"Built for casual days: canvas upper, durable cupsole rubber outsole, low cushion, low support, and a regular fit.",brooksrunning.com; size charts: nike.com/adidas.co.uk/asics.com/clarks.com
new-balance-summit-9-trail-201,New Balance,Summit 9,Trail,Female,UK,UK 3-8.5,"3,3.5,4,4.5,5,5.5,6,6.5,7,7.5,8,8.5","5,5.5,6,6.5,7,7.5,8,8.5,9,9.5,10,10.5","37.5,38,39,40,40.5,41,42,43,43.5,44,45,46",21.7,27,Regular,8.11,10.31,regular,low,medium,ripstop mesh,Vibram-style rubber,392,beige|grey,144.92,3.7,59,in_stock,,"New Balance trail footwear featuring ripstop mesh, Vibram-style rubber, low cushioning, medium arch support, and a regular profile.",newbalance.com; size charts: nike.com/adidas.co.uk/asics.com/clarks.com
nike-derby-4-formal-202,Nike,Derby 4,Formal,Unisex,UK,UK 3-12,"3,3.5,4,4.5,5,5.5,6,6.5,7,7.5,8,8.5,9,9.5,10,10.5,11,11.5,12","4,4.5,5,5.5,6,6.5,7,7.5,8,8.5,9,9.5,10,10.5,11,11.5,12,12.5,13","37.5,38,39,40,40.5,41,42,43,43.5,44,45,46,46.5,47,48,49,49.5,50,51",21.7,30,Regular,8.66,10.86,snug,medium,low,suede leather,leather,339,grey|pink|orange,152.82,4.6,109,out_of_stock,,Formal shoe with suede leather upper and leather outsole; medium cushioning and low arch support for a snug feel.,nike.com; size charts: nike.com/adidas.co.uk/asics.com/clarks.com
new-balance-velocity-9-running-203,New Balance,Velocity 9,Running,Male,UK,UK 6-12,"6,6.5,7,7.5,8,8.5,9,9.5,10,10.5,11,11.5,12","7,7.5,8,8.5,9,9.5,10,10.5,11,11.5,12,12.5,13","42,43,43.5,44,45,46,46.5,47,48,49,49.5,50,51",24.3,29.9,Wide,10.33,11.33,regular,high,medium,engineered mesh,rubber,285,orange|grey|beige|brown,146.02,4.5,176,low_stock,,Running shoe with engineered mesh upper and rubber outsole; high cushioning and medium arch support for a regular feel.,newbalance.com; size charts: nike.com/adidas.co.uk/asics.com/clarks.com
saucony-court-plus-casual-204,Saucony,Court Plus,Casual,Unisex,UK,UK 3-12,"3,3.5,4,4.5,5,5.5,6,6.5,7,7.5,8,8.5,9,9.5,10,10.5,11,11.5,12","4,4.5,5,5.5,6,6.5,7,7.5,8,8.5,9,9.5,10,10.5,11,11.5,12,12.5,13","37.5,38,39,40,40.5,41,42,43,43.5,44,45,46,46.5,47,48,49,49.5,50,51",21.8,30.1,Wide,9.9,10.9,roomy,medium,medium,leather,gum rubber,377,yellow|white|red,106.49,4.2,29,in_stock,,Casual shoe with leather upper and gum rubber outsole; medium cushioning and medium arch support for a roomy feel.,saucony.com; size charts: nike.com/adidas.co.uk/asics.com/clarks.com
new-balance-charge-8-lite-athletic-205,New Balance,Charge 8 Lite,Athletic,Male,UK,UK 6-11.5,"6,6.5,7,7.5,8,8.5,9,9.5,10,10.5,11,11.5","7,7.5,8,8.5,9,9.5,10,10.5,11,11.5,12,12.5","42,43,43.5,44,45,46,46.5,47,48,49,49.5,50",24.3,29.4,Regular,9.03,11.23,regular,medium,medium,synthetic leather,non-marking rubber,293,orange|green|navy,106.42,4.4,41,in_stock,,"New Balance athletic footwear featuring synthetic leather, non-marking rubber, medium cushioning, medium arch support, and a regular profile.",newbalance.com; size charts: nike.com/adidas.co.uk/asics.com/clarks.com
merrell-oxford-prime-formal-206,Merrell,Oxford Prime,Formal,Unisex,UK,UK 3.5-12,"3.5,4,4.5,5,5.5,6,6.5,7,7.5,8,8.5,9,9.5,10,10.5,11,11.5,12","4.5,5,5.5,6,6.5,7,7.5,8,8.5,9,9.5,10,10.5,11,11.5,12,12.5,13","38,39,40,40.5,41,42,43,43.5,44,45,46,46.5,47,48,49,49.5,50,51",22.1,30.1,Regular|Wide,9.46,10.96,regular,medium,medium,full-grain leather,leather,384,brown|green|blue,110.17,4.6,18,in_stock,,Formal shoe with full-grain leather upper and leather outsole; medium cushioning and medium arch support for a regular feel.,merrell.com; size charts: nike.com/adidas.co.uk/asics.com/clarks.com
puma-grit-i-trail-207,PUMA,Grit I,Trail,Unisex,UK,UK 3-12,"3,3.5,4,4.5,5,5.5,6,6.5,7,7.5,8,8.5,9,9.5,10,10.5,11,11.5,12","4,4.5,5,5.5,6,6.5,7,7.5,8,8.5,9,9.5,10,10.5,11,11.5,12,12.5,13","37.5,38,39,40,40.5,41,42,43,43.5,44,45,46,46.5,47,48,49,49.5,50,51",21.9,29.9,Narrow|Regular|Wide,8.68,10.88,snug,medium,high,gore-tex membrane,Vibram-style rubber,365,pink|beige|black,140.26,4.5,99,in_stock,,Trail shoe with gore-tex membrane upper and Vibram-style rubber outsole; medium cushioning and high arch support for a snug feel.,puma.com; size charts: nike.com/adidas.co.uk/asics.com/clarks.com
timberland-street-ii-casual-208,Timberland,Street II,Casual,Male,UK,UK 6-12,"6,6.5,7,7.5,8,8.5,9,9.5,10,10.5,11,11.5,12","7,7.5,8,8.5,9,9.5,10,10.5,11,11.5,12,12.5,13","42,43,43.5,44,45,46,46.5,47,48,49,49.5,50,51",24.3,30,Regular|Wide,9.85,11.35,roomy,low,medium,synthetic leather,gum rubber,341,green|beige|navy|brown,85.35,4,28,low_stock,,"Timberland casual footwear featuring synthetic leather, gum rubber, low cushioning, medium arch support, and a roomy profile.",timberland.com; size charts: nike.com/adidas.co.uk/asics.com/clarks.com
timberland-flex-prime-athletic-209,Timberland,Flex Prime,Athletic,Unisex,UK,UK 3.5-11.5,"3.5,4,4.5,5,5.5,6,6.5,7,7.5,8,8.5,9,9.5,10,10.5,11,11.5","4.5,5,5.5,6,6.5,7,7.5,8,8.5,9,9.5,10,10.5,11,11.5,12,12.5","38,39,40,40.5,41,42,43,43.5,44,45,46,46.5,47,48,49,49.5,50",22,29.5,Regular,8.63,10.83,snug,high,medium,knit,rubber,343,brown|white|yellow|purple,98.34,4.2,72,in_stock,,"Timberland athletic footwear featuring knit, rubber, high cushioning, medium arch support, and a snug profile.",timberland.com; size charts: nike.com/adidas.co.uk/asics.com/clarks.com
salomon-lift-max-athletic-210,Salomon,Lift Max,Athletic,Unisex,UK,UK 3.5-12,"3.5,4,4.5,5,5.5,6,6.5,7,7.5,8,8.5,9,9.5,10,10.5,11,11.5,12","4.5,5,5.5,6,6.5,7,7.5,8,8.5,9,9.5,10,10.5,11,11.5,12,12.5,13","38,39,40,40.5,41,42,43,43.5,44,45,46,46.5,47,48,49,49.5,50,51",22,30,Regular|Wide,9.42,10.92,regular,high,medium,knit,TPU,358,tan|white,144.18,4.6,13,in_stock,,"Salomon athletic footwear featuring knit, TPU, high cushioning, medium arch support, and a regular profile.",salomon.com; size charts: nike.com/adidas.co.uk/asics.com/clarks.com
skechers-monk-8-formal-211,Skechers,Monk 8,Formal,Male,UK,UK 6.5-12,"6.5,7,7.5,8,8.5,9,9.5,10,10.5,11,11.5,12","7.5,8,8.5,9,9.5,10,10.5,11,11.5,12,12.5,13","43,43.5,44,45,46,46.5,47,48,49,49.5,50,51",24.7,29.9,Narrow|Regular|Wide,9.2,11.4,regular,medium,medium,suede leather,leather,433,blue|yellow|navy|beige,106.61,4.5,123,in_stock,,"Skechers formal footwear featuring suede leather, leather, medium cushioning, medium arch support, and a regular profile.",skechers.com; size charts: nike.com/adidas.co.uk/asics.com/clarks.com
clarks-urban-8-casual-212,Clarks,Urban 8,Casual,Female,UK,UK 3.5-8.5,"3.5,4,4.5,5,5.5,6,6.5,7,7.5,8,8.5","5.5,6,6.5,7,7.5,8,8.5,9,9.5,10,10.5","38,39,40,40.5,41,42,43,43.5,44,45,46",22.2,27.1,Narrow|Regular,8.22,9.52,regular,medium,low,canvas,cupsole rubber,290,beige|black|brown|purple,108.01,4.1,238,in_stock,,"Clarks casual footwear featuring canvas, cupsole rubber, medium cushioning, low arch support, and a regular profile.",clarks.com; size charts: nike.com/adidas.co.uk/asics.com/clarks.com
salomon-grit-6-trail-213,Salomon,Grit 6,Trail,Male,UK,UK 6.5-12,"6.5,7,7.5,8,8.5,9,9.5,10,10.5,11,11.5,12","7.5,8,8.5,9,9.5,10,10.5,11,11.5,12,12.5,13","43,43.5,44,45,46,46.5,47,48,49,49.5,50,51",24.8,30,Narrow|Regular|Wide,9.24,11.44,roomy,medium,medium,gore-tex membrane,sticky rubber,428,yellow|orange|grey|tan,170.72,4,86,in_stock,,"Salomon trail footwear featuring gore-tex membrane, sticky rubber, medium cushioning, medium arch support, and a roomy profile.",salomon.com; size charts: nike.com/adidas.co.uk/asics.com/clarks.com
nike-zoom-6-running-214,Nike,Zoom 6,Running,Female,UK,UK 3-8.5,"3,3.5,4,4.5,5,5.5,6,6.5,7,7.5,8,8.5","5,5.5,6,6.5,7,7.5,8,8.5,9,9.5,10,10.5","37.5,38,39,40,40.5,41,42,43,43.5,44,45,46",21.8,27,Narrow|Regular|Wide,8.13,10.33,regular,medium,medium,synthetic mesh,carbon rubber,247,grey|tan|green,126.11,4.5,154,in_stock,,"Built for running days: synthetic mesh upper, durable carbon rubber outsole, medium cushion, medium support, and a regular fit.",nike.com; size charts: nike.com/adidas.co.uk/asics.com/clarks.com
hoka-lo-9-casual-215,HOKA,Lo 9,Casual,Female,UK,UK 3-8.5,"3,3.5,4,4.5,5,5.5,6,6.5,7,7.5,8,8.5","5,5.5,6,6.5,7,7.5,8,8.5,9,9.5,10,10.5","37.5,38,39,40,40.5,41,42,43,43.5,44,45,46",21.7,27.1,Regular,8.13,10.33,roomy,low,high,suede,gum rubber,331,grey|green,62.36,4.4,32,in_stock,,"Built for casual days: suede upper, durable gum rubber outsole, low cushion, high support, and a roomy fit.",hoka.com; size charts: nike.com/adidas.co.uk/asics.com/clarks.com
timberland-chelsea-ii-formal-216,Timberland,Chelsea II,Formal,Female,UK,UK 3-8.5,"3,3.5,4,4.5,5,5.5,6,6.5,7,7.5,8,8.5","5,5.5,6,6.5,7,7.5,8,8.5,9,9.5,10,10.5","37.5,38,39,40,40.5,41,42,43,43.5,44,45,46",21.8,26.9,Narrow|Regular|Wide,8.11,10.31,regular,medium,low,suede leather,rubber,436,blue|yellow|brown,151.34,4.9,52,in_stock,,"Built for formal days: suede leather upper, durable rubber outsole, medium cushion, low support, and a regular fit.",timberland.com; size charts: nike.com/adidas.co.uk/asics.com/clarks.com
clarks-hyper-x-athletic-217,Clarks,Hyper X,Athletic,Female,UK,UK 3-8,"3,3.5,4,4.5,5,5.5,6,6.5,7,7.5,8","5,5.5,6,6.5,7,7.5,8,8.5,9,9.5,10","37.5,38,39,40,40.5,41,42,43,43.5,44,45",21.8,26.6,Regular,8.05,10.25,regular,high,medium,knit,non-marking rubber,273,yellow|grey|orange,115.44,4,29,in_stock,,"Built for athletic days: knit upper, durable non-marking rubber outsole, high cushion, medium support, and a regular fit.",clarks.com; size charts: nike.com/adidas.co.uk/asics.com/clarks.com
asics-stride-plus-running-218,ASICS,Stride Plus,Running,Male,UK,UK 6-11.5,"6,6.5,7,7.5,8,8.5,9,9.5,10,10.5,11,11.5","7,7.5,8,8.5,9,9.5,10,10.5,11,11.5,12,12.5","42,43,43.5,44,45,46,46.5,47,48,49,49.5,50",24.4,29.5,Narrow|Regular|Wide,9.07,11.27,regular,medium,medium,knit mesh,blown rubber,274,green|grey|purple|black,135.96,4,68,low_stock,,Running shoe with knit mesh upper and blown rubber outsole; medium cushioning and medium arch support for a regular feel.,asics.com; size charts: nike.com/adidas.co.uk/asics.com/clarks.com
clarks-everyday-8-casual-219,Clarks,Everyday 8,Casual,Male,UK,UK 6-12,"6,6.5,7,7.5,8,8.5,9,9.5,10,10.5,11,11.5,12","7,7.5,8,8.5,9,9.5,10,10.5,11,11.5,12,12.5,13","42,43,43.5,44,45,46,46.5,47,48,49,49.5,50,51",24.2,30,Narrow|Regular|Wide,9.13,11.33,regular,medium,high,canvas,gum rubber,359,white|orange|green,105.91,3.7,150,in_stock,,"Clarks casual footwear featuring canvas, gum rubber, medium cushioning, high arch support, and a regular profile.",clarks.com; size charts: nike.com/adidas.co.uk/asics.com/clarks.com
puma-retro-7-casual-220,PUMA,Retro 7,Casual,Female,UK,UK 3-8.5,"3,3.5,4,4.5,5,5.5,6,6.5,7,7.5,8,8.5","5,5.5,6,6.5,7,7.5,8,8.5,9,9.5,10,10.5","37.5,38,39,40,40.5,41,42,43,43.5,44,45,46",21.9,26.9,Wide,9.33,10.33,roomy,medium,high,leather,cupsole rubber,352,grey|pink|brown|yellow,99.64,4.3,83,in_stock,,"PUMA casual footwear featuring leather, cupsole rubber, medium cushioning, high arch support, and a roomy profile.",puma.com; size charts: nike.com/adidas.co.uk/asics.com/clarks.com
timberland-wingtip-5-formal-221,Timberland,Wingtip 5,Formal,Female,UK,UK 3-8.5,"3,3.5,4,4.5,5,5.5,6,6.5,7,7.5,8,8.5","5,5.5,6,6.5,7,7.5,8,8.5,9,9.5,10,10.5","37.5,38,39,40,40.5,41,42,43,43.5,44,45,46",21.7,26.9,Narrow|Regular|Wide,8.09,10.29,regular,low,high,full-grain leather,rubber,356,tan|brown|black,144.94,4,22,out_of_stock,,Formal shoe with full-grain leather upper and rubber outsole; low cushioning and high arch support for a regular feel.,timberland.com; size charts: nike.com/adidas.co.uk/asics.com/clarks.com
saucony-loafer-5-formal-222,Saucony,Loafer 5,Formal,Female,UK,UK 3-8,"3,3.5,4,4.5,5,5.5,6,6.5,7,7.5,8","5,5.5,6,6.5,7,7.5,8,8.5,9,9.5,10","37.5,38,39,40,40.5,41,42,43,43.5,44,45",21.8,26.7,Regular,8.07,10.27,regular,medium,medium,patent leather,leather,403,white|green|orange,152,3.5,146,in_stock,,"Saucony formal footwear featuring patent leather, leather, medium cushioning, medium arch support, and a regular profile.",saucony.com; size charts: nike.com/adidas.co.uk/asics.com/clarks.com
salomon-peak-5-trail-223,Salomon,Peak 5,Trail,Male,UK,UK 6-12,"6,6.5,7,7.5,8,8.5,9,9.5,10,10.5,11,11.5,12","7,7.5,8,8.5,9,9.5,10,10.5,11,11.5,12,12.5,13","42,43,43.5,44,45,46,46.5,47,48,49,49.5,50,51",24.4,29.9,Regular,9.15,11.35,regular,high,medium,synthetic mesh,lugged rubber,324,black|brown|yellow,163.53,4,65,out_of_stock,,Trail shoe with synthetic mesh upper and lugged rubber outsole; high cushioning and medium arch support for a regular feel.,salomon.com; size charts: nike.com/adidas.co.uk/asics.com/clarks.com
hoka-velocity-ii-running-224,HOKA,Velocity II,Running,Male,UK,UK 6-12,"6,6.5,7,7.5,8,8.5,9,9.5,10,10.5,11,11.5,12","7,7.5,8,8.5,9,9.5,10,10.5,11,11.5,12,12.5,13","42,43,43.5,44,45,46,46.5,47,48,49,49.5,50,51",24.3,29.9,Narrow|Regular|Wide,9.13,11.33,roomy,high,medium,engineered mesh,carbon rubber,268,yellow|purple,128.82,4.9,106,in_stock,,Running shoe with engineered mesh upper and carbon rubber outsole; high cushioning and medium arch support for a roomy feel.,hoka.com; size charts: nike.com/adidas.co.uk/asics.com/clarks.com
clarks-loafer-6-formal-225,Clarks,Loafer 6,Formal,Unisex,UK,UK 3-12,"3,3.5,4,4.5,5,5.5,6,6.5,7,7.5,8,8.5,9,9.5,10,10.5,11,11.5,12","4,4.5,5,5.5,6,6.5,7,7.5,8,8.5,9,9.5,10,10.5,11,11.5,12,12.5,13","37.5,38,39,40,40.5,41,42,43,43.5,44,45,46,46.5,47,48,49,49.5,50,51",21.6,30.1,Regular,8.66,10.86,roomy,low,high,full-grain leather,rubber,406,brown|orange,125.37,4.6,485,in_stock,,Formal shoe with full-grain leather upper and rubber outsole; low cushioning and high arch support for a roomy feel.,clarks.com; size charts: nike.com/adidas.co.uk/asics.com/clarks.com
adidas-lift-i-athletic-226,Adidas,Lift I,Athletic,Female,UK,UK 3.5-8.5,"3.5,4,4.5,5,5.5,6,6.5,7,7.5,8,8.5","5.5,6,6.5,7,7.5,8,8.5,9,9.5,10,10.5","38,39,40,40.5,41,42,43,43.5,44,45,46",22.1,26.9,Narrow|Regular,8.16,9.46,roomy,medium,low,synthetic leather,non-marking rubber,313,black|grey|red,131.55,4.4,55,in_stock,,"Adidas athletic footwear featuring synthetic leather, non-marking rubber, medium cushioning, low arch support, and a roomy profile.",adidas.co.uk; size charts: nike.com/adidas.co.uk/asics.com/clarks.com
merrell-cross-9-athletic-227,Merrell,Cross 9,Athletic,Male,UK,UK 6-12,"6,6.5,7,7.5,8,8.5,9,9.5,10,10.5,11,11.5,12","7,7.5,8,8.5,9,9.5,10,10.5,11,11.5,12,12.5,13","42,43,43.5,44,45,46,46.5,47,48,49,49.5,50,51",24.4,29.9,Regular,9.15,11.35,roomy,high,medium,synthetic mesh,non-marking rubber,288,pink|brown|white,107.67,4,11,in_stock,,"Merrell athletic footwear featuring synthetic mesh, non-marking rubber, high cushioning, medium arch support, and a roomy profile.",merrell.com; size charts: nike.com/adidas.co.uk/asics.com/clarks.com
converse-grit-5-trail-228,Converse,Grit 5,Trail,Female,UK,UK 3-8.5,"3,3.5,4,4.5,5,5.5,6,6.5,7,7.5,8,8.5","5,5.5,6,6.5,7,7.5,8,8.5,9,9.5,10,10.5","37.5,38,39,40,40.5,41,42,43,43.5,44,45,46",21.8,26.9,Wide,9.31,10.31,regular,medium,medium,gore-tex membrane,sticky rubber,281,beige|grey|brown,173.24,4.8,374,in_stock,,"Converse trail footwear featuring gore-tex membrane, sticky rubber, medium cushioning, medium arch support, and a regular profile.",converse.com; size charts: nike.com/adidas.co.uk/asics.com/clarks.com
reebok-surge-elite-running-229,Reebok,Surge Elite,Running,Female,UK,UK 3-8,"3,3.5,4,4.5,5,5.5,6,6.5,7,7.5,8","5,5.5,6,6.5,7,7.5,8,8.5,9,9.5,10","37.5,38,39,40,40.5,41,42,43,43.5,44,45",21.6,26.6,Regular,8.02,10.22,regular,medium,medium,engineered mesh,blown rubber,262,purple|beige|navy,124.41,4.4,149,low_stock,,"Built for running days: engineered mesh upper, durable blown rubber outsole, medium cushion, medium support, and a regular fit.",reebok.com; size charts: nike.com/adidas.co.uk/asics.com/clarks.com
clarks-trainer-x-athletic-230,Clarks,Trainer X,Athletic,Female,UK,UK 3-8,"3,3.5,4,4.5,5,5.5,6,6.5,7,7.5,8","5,5.5,6,6.5,7,7.5,8,8.5,9,9.5,10","37.5,38,39,40,40.5,41,42,43,43.5,44,45",21.8,26.6,Narrow|Regular|Wide,8.05,10.25,regular,low,high,synthetic mesh,rubber,263,navy|white,104.08,4.5,48,in_stock,,"Clarks athletic footwear featuring synthetic mesh, rubber, low cushioning, high arch support, and a regular profile.",clarks.com; size charts: nike.com/adidas.co.uk/asics.com/clarks.com
brooks-ridge-elite-trail-231,Brooks,Ridge Elite,Trail,Female,UK,UK 3.5-8.5,"3.5,4,4.5,5,5.5,6,6.5,7,7.5,8,8.5","5.5,6,6.5,7,7.5,8,8.5,9,9.5,10,10.5","38,39,40,40.5,41,42,43,43.5,44,45,46",22.2,27,Narrow|Regular|Wide,8.2,10.4,roomy,medium,medium,ripstop mesh,sticky rubber,397,blue|brown,201.31,4.9,90,low_stock,,"Brooks trail footwear featuring ripstop mesh, sticky rubber, medium cushioning, medium arch support, and a roomy profile.",brooksrunning.com; size charts: nike.com/adidas.co.uk/asics.com/clarks.com
adidas-endorphin-6-running-232,Adidas,Endorphin 6,Running,Unisex,UK,UK 3-12,"3,3.5,4,4.5,5,5.5,6,6.5,7,7.5,8,8.5,9,9.5,10,10.5,11,11.5,12","4,4.5,5,5.5,6,6.5,7,7.5,8,8.5,9,9.5,10,10.5,11,11.5,12,12.5,13","37.5,38,39,40,40.5,41,42,43,43.5,44,45,46,46.5,47,48,49,49.5,50,51",21.6,29.9,Regular|Wide,9.33,10.83,regular,medium,medium,engineered mesh,blown rubber,289,brown|pink|yellow,146.61,4.1,82,low_stock,,"Adidas running footwear featuring engineered mesh, blown rubber, medium cushioning, medium arch support, and a regular profile.",adidas.co.uk; size charts: nike.com/adidas.co.uk/asics.com/clarks.com
saucony-zoom-x-lite-running-233,Saucony,Zoom X Lite,Running,Male,UK,UK 6-12,"6,6.5,7,7.5,8,8.5,9,9.5,10,10.5,11,11.5,12","7,7.5,8,8.5,9,9.5,10,10.5,11,11.5,12,12.5,13","42,43,43.5,44,45,46,46.5,47,48,49,49.5,50,51",24.3,30,Regular,9.15,11.35,regular,high,high,synthetic mesh,carbon rubber,285,green|purple|orange,152.95,4.4,75,low_stock,,Running shoe with synthetic mesh upper and carbon rubber outsole; high cushioning and high arch support for a regular feel.,saucony.com; size charts: nike.com/adidas.co.uk/asics.com/clarks.com
brooks-trainer-prime-athletic-234,Brooks,Trainer Prime,Athletic,Unisex,UK,UK 3.5-11.5,"3.5,4,4.5,5,5.5,6,6.5,7,7.5,8,8.5,9,9.5,10,10.5,11,11.5","4.5,5,5.5,6,6.5,7,7.5,8,8.5,9,9.5,10,10.5,11,11.5,12,12.5","38,39,40,40.5,41,42,43,43.5,44,45,46,46.5,47,48,49,49.5,50",22,29.5,Regular,8.63,10.83,regular,high,medium,synthetic leather,rubber,285,black|red|navy,126.45,4.6,30,low_stock,,"Brooks athletic footwear featuring synthetic leather, rubber, high cushioning, medium arch support, and a regular profile.",brooksrunning.com; size charts: nike.com/adidas.co.uk/asics.com/clarks.com
salomon-power-8-athletic-235,Salomon,Power 8,Athletic,Female,UK,UK 3-8.5,"3,3.5,4,4.5,5,5.5,6,6.5,7,7.5,8,8.5","5,5.5,6,6.5,7,7.5,8,8.5,9,9.5,10,10.5","37.5,38,39,40,40.5,41,42,43,43.5,44,45,46",21.9,26.9,Narrow|Regular|Wide,8.13,10.33,regular,medium,medium,knit,rubber,253,beige|navy|pink|white,147.03,4.3,25,low_stock,,"Salomon athletic footwear featuring knit, rubber, medium cushioning, medium arch support, and a regular profile.",salomon.com; size charts: nike.com/adidas.co.uk/asics.com/clarks.com
new-balance-charge-i-lite-athletic-236,New Balance,Charge I Lite,Athletic,Female,UK,UK 3-8.5,"3,3.5,4,4.5,5,5.5,6,6.5,7,7.5,8,8.5","5,5.5,6,6.5,7,7.5,8,8.5,9,9.5,10,10.5","37.5,38,39,40,40.5,41,42,43,43.5,44,45,46",21.8,26.8,Narrow|Regular,8.09,9.39,regular,high,medium,synthetic mesh,rubber,261,orange|purple,149.53,4.5,20,in_stock,,Athletic shoe with synthetic mesh upper and rubber outsole; high cushioning and medium arch support for a regular feel.,newbalance.com; size charts: nike.com/adidas.co.uk/asics.com/clarks.com
vans-trainer-9-athletic-237,Vans,Trainer 9,Athletic,Female,UK,UK 3-8.5,"3,3.5,4,4.5,5,5.5,6,6.5,7,7.5,8,8.5","5,5.5,6,6.5,7,7.5,8,8.5,9,9.5,10,10.5","37.5,38,39,40,40.5,41,42,43,43.5,44,45,46",21.7,27.1,Narrow,8.13,8.83,regular,medium,low,knit,non-marking rubber,287,grey|yellow|blue|white,99.19,4.6,123,in_stock,,"Built for athletic days: knit upper, durable non-marking rubber outsole, medium cushion, low support, and a regular fit.",vans.com; size charts: nike.com/adidas.co.uk/asics.com/clarks.com
salomon-endorphin-ii-running-238,Salomon,Endorphin II,Running,Male,UK,UK 6-12,"6,6.5,7,7.5,8,8.5,9,9.5,10,10.5,11,11.5,12","7,7.5,8,8.5,9,9.5,10,10.5,11,11.5,12,12.5,13","42,43,43.5,44,45,46,46.5,47,48,49,49.5,50,51",24.2,30,Narrow|Regular|Wide,9.13,11.33,regular,medium,medium,synthetic mesh,blown rubber,257,navy|white|red,161.96,3.9,261,in_stock,,Running shoe with synthetic mesh upper and blown rubber outsole; medium cushioning and medium arch support for a regular feel.,salomon.com; size charts: nike.com/adidas.co.uk/asics.com/clarks.com
saucony-summit-prime-trail-239,Saucony,Summit Prime,Trail,Male,UK,UK 6-11.5,"6,6.5,7,7.5,8,8.5,9,9.5,10,10.5,11,11.5","7,7.5,8,8.5,9,9.5,10,10.5,11,11.5,12,12.5","42,43,43.5,44,45,46,46.5,47,48,49,49.5,50",24.4,29.6,Regular|Wide,9.79,11.29,snug,medium,high,synthetic mesh,Vibram-style rubber,321,tan|black|navy,149.36,3.7,79,in_stock,,Trail shoe with synthetic mesh upper and Vibram-style rubber outsole; medium cushioning and high arch support for a snug feel.,saucony.com; size charts: nike.com/adidas.co.uk/asics.com/clarks.com
new-balance-aero-plus-running-240,New Balance,Aero Plus,Running,Male,UK,UK 6-11.5,"6,6.5,7,7.5,8,8.5,9,9.5,10,10.5,11,11.5","7,7.5,8,8.5,9,9.5,10,10.5,11,11.5,12,12.5","42,43,43.5,44,45,46,46.5,47,48,49,49.5,50",24.5,29.6,Narrow|Regular|Wide,9.11,11.31,regular,low,low,synthetic mesh,rubber,230,brown|yellow|red,144.16,4.5,31,in_stock,,Running shoe with synthetic mesh upper and rubber outsole; low cushioning and low arch support for a regular feel.,newbalance.com; size charts: nike.com/adidas.co.uk/asics.com/clarks.com
brooks-trainer-5-athletic-241,Brooks,Trainer 5,Athletic,Unisex,UK,UK 3-11.5,"3,3.5,4,4.5,5,5.5,6,6.5,7,7.5,8,8.5,9,9.5,10,10.5,11,11.5","4,4.5,5,5.5,6,6.5,7,7.5,8,8.5,9,9.5,10,10.5,11,11.5,12,12.5","37.5,38,39,40,40.5,41,42,43,43.5,44,45,46,46.5,47,48,49,49.5,50",21.8,29.5,Narrow|Regular,8.59,9.89,regular,low,medium,synthetic mesh,rubber,294,orange|red|yellow|pink,129.62,4,14,low_stock,,"Brooks athletic footwear featuring synthetic mesh, rubber, low cushioning, medium arch support, and a regular profile.",brooksrunning.com; size charts: nike.com/adidas.co.uk/asics.com/clarks.com
brooks-heritage-i-air-casual-242,Brooks,Heritage I Air,Casual,Unisex,UK,UK 3-11.5,"3,3.5,4,4.5,5,5.5,6,6.5,7,7.5,8,8.5,9,9.5,10,10.5,11,11.5","4,4.5,5,5.5,6,6.5,7,7.5,8,8.5,9,9.5,10,10.5,11,11.5,12,12.5","37.5,38,39,40,40.5,41,42,43,43.5,44,45,46,46.5,47,48,49,49.5,50",21.7,29.6,Narrow|Regular|Wide,8.59,10.79,snug,high,medium,canvas,rubber,279,brown|red|blue,97.59,3.5,39,in_stock,,"Built for casual days: canvas upper, durable rubber outsole, high cushion, medium support, and a snug fit.",brooksrunning.com; size charts: nike.com/adidas.co.uk/asics.com/clarks.com
timberland-skate-9-casual-243,Timberland,Skate 9,Casual,Unisex,UK,UK 3.5-12,"3.5,4,4.5,5,5.5,6,6.5,7,7.5,8,8.5,9,9.5,10,10.5,11,11.5,12","4.5,5,5.5,6,6.5,7,7.5,8,8.5,9,9.5,10,10.5,11,11.5,12,12.5,13","38,39,40,40.5,41,42,43,43.5,44,45,46,46.5,47,48,49,49.5,50,51",22.1,30.1,Wide,9.96,10.96,roomy,low,medium,leather,rubber,346,blue|green|orange,105.15,4,44,in_stock,,"Timberland casual footwear featuring leather, rubber, low cushioning, medium arch support, and a roomy profile.",timberland.com; size charts: nike.com/adidas.co.uk/asics.com/clarks.com
skechers-summit-max-trail-244,Skechers,Summit Max,Trail,Male,UK,UK 6-12,"6,6.5,7,7.5,8,8.5,9,9.5,10,10.5,11,11.5,12","7,7.5,8,8.5,9,9.5,10,10.5,11,11.5,12,12.5,13","42,43,43.5,44,45,46,46.5,47,48,49,49.5,50,51",24.2,30.1,Narrow|Regular|Wide,9.15,11.35,regular,medium,low,gore-tex membrane,Vibram-style rubber,356,yellow|grey|red,109.02,4.2,30,in_stock,,"Skechers trail footwear featuring gore-tex membrane, Vibram-style rubber, medium cushioning, low arch support, and a regular profile.",skechers.com; size charts: nike.com/adidas.co.uk/asics.com/clarks.com
reebok-derby-iii-formal-245,Reebok,Derby III,Formal,Male,UK,UK 6-12,"6,6.5,7,7.5,8,8.5,9,9.5,10,10.5,11,11.5,12","7,7.5,8,8.5,9,9.5,10,10.5,11,11.5,12,12.5,13","42,43,43.5,44,45,46,46.5,47,48,49,49.5,50,51",24.4,30.1,Regular|Wide,9.88,11.38,regular,high,medium,patent leather,rubber,405,pink|orange|yellow|red,145.5,4.7,60,low_stock,,Formal shoe with patent leather upper and rubber outsole; high cushioning and medium arch support for a regular feel.,reebok.com; size charts: nike.com/adidas.co.uk/asics.com/clarks.com
nike-lift-4-pro-athletic-246,Nike,Lift 4 Pro,Athletic,Female,UK,UK 3-8.5,"3,3.5,4,4.5,5,5.5,6,6.5,7,7.5,8,8.5","5,5.5,6,6.5,7,7.5,8,8.5,9,9.5,10,10.5","37.5,38,39,40,40.5,41,42,43,43.5,44,45,46",21.8,26.8,Narrow|Regular|Wide,8.09,10.29,regular,low,high,knit,TPU,323,grey|green|tan,120.85,3.6,28,in_stock,,Athletic shoe with knit upper and TPU outsole; low cushioning and high arch support for a regular feel.,nike.com; size charts: nike.com/adidas.co.uk/asics.com/clarks.com
salomon-trailblazer-x-trail-247,Salomon,Trailblazer X,Trail,Male,UK,UK 6-12,"6,6.5,7,7.5,8,8.5,9,9.5,10,10.5,11,11.5,12","7,7.5,8,8.5,9,9.5,10,10.5,11,11.5,12,12.5,13","42,43,43.5,44,45,46,46.5,47,48,49,49.5,50,51",24.4,30.1,Narrow,9.18,9.88,roomy,medium,medium,synthetic mesh,lugged rubber,316,green|purple|black|beige,173.84,3.6,99,low_stock,,"Salomon trail footwear featuring synthetic mesh, lugged rubber, medium cushioning, medium arch support, and a roomy profile.",salomon.com; size charts: nike.com/adidas.co.uk/asics.com/clarks.com
adidas-drive-8-air-athletic-248,Adidas,Drive 8 Air,Athletic,Male,UK,UK 6-12,"6,6.5,7,7.5,8,8.5,9,9.5,10,10.5,11,11.5,12","7,7.5,8,8.5,9,9.5,10,10.5,11,11.5,12,12.5,13","42,43,43.5,44,45,46,46.5,47,48,49,49.5,50,51",24.2,29.9,Regular,9.11,11.31,roomy,low,medium,synthetic leather,rubber,271,red|tan|green,127.66,4.7,38,low_stock,,"Adidas athletic footwear featuring synthetic leather, rubber, low cushioning, medium arch support, and a roomy profile.",adidas.co.uk; size charts: nike.com/adidas.co.uk/asics.com/clarks.com
adidas-lift-8-air-athletic-249,Adidas,Lift 8 Air,Athletic,Unisex,UK,UK 3-12,"3,3.5,4,4.5,5,5.5,6,6.5,7,7.5,8,8.5,9,9.5,10,10.5,11,11.5,12","4,4.5,5,5.5,6,6.5,7,7.5,8,8.5,9,9.5,10,10.5,11,11.5,12,12.5,13","37.5,38,39,40,40.5,41,42,43,43.5,44,45,46,46.5,47,48,49,49.5,50,51",21.8,30,Narrow|Regular|Wide,8.68,10.88,regular,high,medium,knit,non-marking rubber,362,tan|black|grey,133.65,4.7,174,in_stock,,"Adidas athletic footwear featuring knit, non-marking rubber, high cushioning, medium arch support, and a regular profile.",adidas.co.uk; size charts: nike.com/adidas.co.uk/asics.com/clarks.com
reebok-aero-iii-running-250,Reebok,Aero III,Running,Male,UK,UK 6-11.5,"6,6.5,7,7.5,8,8.5,9,9.5,10,10.5,11,11.5","7,7.5,8,8.5,9,9.5,10,10.5,11,11.5,12,12.5","42,43,43.5,44,45,46,46.5,47,48,49,49.5,50",24.4,29.6,Regular|Wide,9.79,11.29,roomy,medium,low,synthetic mesh,carbon rubber,295,purple|grey,138.47,4.8,83,in_stock,,Running shoe with synthetic mesh upper and carbon rubber outsole; medium cushioning and low arch support for a roomy feel.,reebok.com; size charts: nike.com/adidas.co.uk/asics.com/clarks.com
reebok-endorphin-max-running-251,Reebok,Endorphin Max,Running,Male,UK,UK 6.5-12,"6.5,7,7.5,8,8.5,9,9.5,10,10.5,11,11.5,12","7.5,8,8.5,9,9.5,10,10.5,11,11.5,12,12.5,13","43,43.5,44,45,46,46.5,47,48,49,49.5,50,51",24.8,29.9,Wide,10.42,11.42,roomy,low,medium,engineered mesh,carbon rubber,296,yellow|tan|brown|black,124.83,4.4,852,in_stock,,"Built for running days: engineered mesh upper, durable carbon rubber outsole, low cushion, medium support, and a roomy fit.",reebok.com; size charts: nike.com/adidas.co.uk/asics.com/clarks.com
hoka-terra-i-premium-trail-252,HOKA,Terra I Premium,Trail,Female,UK,UK 3-8.5,"3,3.5,4,4.5,5,5.5,6,6.5,7,7.5,8,8.5","5,5.5,6,6.5,7,7.5,8,8.5,9,9.5,10,10.5","37.5,38,39,40,40.5,41,42,43,43.5,44,45,46",21.6,26.9,Regular,8.07,10.27,roomy,medium,low,ripstop mesh,Vibram-style rubber,325,black|grey|yellow,128.85,4.3,58,in_stock,,Trail shoe with ripstop mesh upper and Vibram-style rubber outsole; medium cushioning and low arch support for a roomy feel.,hoka.com; size charts: nike.com/adidas.co.uk/asics.com/clarks.com
timberland-drive-6-athletic-253,Timberland,Drive 6,Athletic,Female,UK,UK 3-8.5,"3,3.5,4,4.5,5,5.5,6,6.5,7,7.5,8,8.5","5,5.5,6,6.5,7,7.5,8,8.5,9,9.5,10,10.5","37.5,38,39,40,40.5,41,42,43,43.5,44,45,46",21.6,26.9,Narrow|Regular|Wide,8.07,10.27,regular,medium,high,synthetic mesh,non-marking rubber,329,red|tan,125.2,3.7,26,in_stock,,"Timberland athletic footwear featuring synthetic mesh, non-marking rubber, medium cushioning, high arch support, and a regular profile.",timberland.com; size charts: nike.com/adidas.co.uk/asics.com/clarks.com
saucony-hyper-x-athletic-254,Saucony,Hyper X,Athletic,Male,UK,UK 6-12,"6,6.5,7,7.5,8,8.5,9,9.5,10,10.5,11,11.5,12","7,7.5,8,8.5,9,9.5,10,10.5,11,11.5,12,12.5,13","42,43,43.5,44,45,46,46.5,47,48,49,49.5,50,51",24.4,30.1,Regular,9.18,11.38,roomy,medium,medium,synthetic leather,non-marking rubber,305,beige|blue|red|brown,125.35,4.8,108,out_of_stock,,"Saucony athletic footwear featuring synthetic leather, non-marking rubber, medium cushioning, medium arch support, and a roomy profile.",saucony.com; size charts: nike.com/adidas.co.uk/asics.com/clarks.com
merrell-canyon-plus-trail-255,Merrell,Canyon Plus,Trail,Unisex,UK,UK 3-11.5,"3,3.5,4,4.5,5,5.5,6,6.5,7,7.5,8,8.5,9,9.5,10,10.5,11,11.5","4,4.5,5,5.5,6,6.5,7,7.5,8,8.5,9,9.5,10,10.5,11,11.5,12,12.5","37.5,38,39,40,40.5,41,42,43,43.5,44,45,46,46.5,47,48,49,49.5,50",21.6,29.4,Narrow|Regular|Wide,8.54,10.74,regular,low,high,gore-tex membrane,sticky rubber,321,black|blue|purple|brown,117.96,4.2,31,in_stock,,"Built for trail days: gore-tex membrane upper, durable sticky rubber outsole, low cushion, high support, and a regular fit.",merrell.com; size charts: nike.com/adidas.co.uk/asics.com/clarks.com
salomon-glide-iii-running-256,Salomon,Glide III,Running,Male,UK,UK 6.5-12,"6.5,7,7.5,8,8.5,9,9.5,10,10.5,11,11.5,12","7.5,8,8.5,9,9.5,10,10.5,11,11.5,12,12.5,13","43,43.5,44,45,46,46.5,47,48,49,49.5,50,51",24.9,29.9,Regular,9.24,11.44,regular,high,high,engineered mesh,carbon rubber,234,orange|tan|purple,154.94,4.1,13,in_stock,,"Salomon running footwear featuring engineered mesh, carbon rubber, high cushioning, high arch support, and a regular profile.",salomon.com; size charts: nike.com/adidas.co.uk/asics.com/clarks.com
hoka-drive-elite-boost-athletic-257,HOKA,Drive Elite Boost,Athletic,Unisex,UK,UK 3-12,"3,3.5,4,4.5,5,5.5,6,6.5,7,7.5,8,8.5,9,9.5,10,10.5,11,11.5,12","4,4.5,5,5.5,6,6.5,7,7.5,8,8.5,9,9.5,10,10.5,11,11.5,12,12.5,13","37.5,38,39,40,40.5,41,42,43,43.5,44,45,46,46.5,47,48,49,49.5,50,51",21.6,29.9,Regular,8.63,10.83,regular,high,medium,synthetic mesh,rubber,329,purple|yellow|blue,142.38,4.5,24,out_of_stock,,"HOKA athletic footwear featuring synthetic mesh, rubber, high cushioning, medium arch support, and a regular profile.",hoka.com; size charts: nike.com/adidas.co.uk/asics.com/clarks.com
reebok-cross-prime-athletic-258,Reebok,Cross Prime,Athletic,Female,UK,UK 3-8.5,"3,3.5,4,4.5,5,5.5,6,6.5,7,7.5,8,8.5","5,5.5,6,6.5,7,7.5,8,8.5,9,9.5,10,10.5","37.5,38,39,40,40.5,41,42,43,43.5,44,45,46",21.6,27,Regular|Wide,8.79,10.29,regular,low,medium,knit,rubber,295,tan|red|navy,111.88,4.6,66,in_stock,,Athletic shoe with knit upper and rubber outsole; low cushioning and medium arch support for a regular feel.,reebok.com; size charts: nike.com/adidas.co.uk/asics.com/clarks.com
clarks-swift-8-running-259,Clarks,Swift 8,Running,Female,UK,UK 3-8.5,"3,3.5,4,4.5,5,5.5,6,6.5,7,7.5,8,8.5","5,5.5,6,6.5,7,7.5,8,8.5,9,9.5,10,10.5","37.5,38,39,40,40.5,41,42,43,43.5,44,45,46",21.6,26.9,Narrow|Regular|Wide,8.07,10.27,regular,high,medium,knit mesh,rubber,254,yellow|brown,108.83,4.1,90,in_stock,,"Built for running days: knit mesh upper, durable rubber outsole, high cushion, medium support, and a regular fit.",clarks.com; size charts: nike.com/adidas.co.uk/asics.com/clarks.com
new-balance-zoom-prime-running-260,New Balance,Zoom Prime,Running,Male,UK,UK 6-12,"6,6.5,7,7.5,8,8.5,9,9.5,10,10.5,11,11.5,12","7,7.5,8,8.5,9,9.5,10,10.5,11,11.5,12,12.5,13","42,43,43.5,44,45,46,46.5,47,48,49,49.5,50,51",24.4,30.1,Narrow|Regular|Wide,9.18,11.38,regular,high,low,knit mesh,blown rubber,298,blue|navy|purple,119.61,4,45,in_stock,,Running shoe with knit mesh upper and blown rubber outsole; high cushioning and low arch support for a regular feel.,newbalance.com; size charts: nike.com/adidas.co.uk/asics.com/clarks.com
salomon-court-iii-casual-261,Salomon,Court III,Casual,Male,UK,UK 6-12,"6,6.5,7,7.5,8,8.5,9,9.5,10,10.5,11,11.5,12","7,7.5,8,8.5,9,9.5,10,10.5,11,11.5,12,12.5,13","42,43,43.5,44,45,46,46.5,47,48,49,49.5,50,51",24.2,30,Narrow|Regular|Wide,9.13,11.33,regular,medium,medium,leather,cupsole rubber,337,grey|white|red,112.1,4,49,in_stock,,Casual shoe with leather upper and cupsole rubber outsole; medium cushioning and medium arch support for a regular feel.,salomon.com; size charts: nike.com/adidas.co.uk/asics.com/clarks.com
merrell-glide-x-running-262,Merrell,Glide X,Running,Male,UK,UK 6-12,"6,6.5,7,7.5,8,8.5,9,9.5,10,10.5,11,11.5,12","7,7.5,8,8.5,9,9.5,10,10.5,11,11.5,12,12.5,13","42,43,43.5,44,45,46,46.5,47,48,49,49.5,50,51",24.3,29.9,Regular,9.13,11.33,regular,high,medium,synthetic mesh,carbon rubber,261,blue|navy|pink,122.64,4.3,62,out_of_stock,,Running shoe with synthetic mesh upper and carbon rubber outsole; high cushioning and medium arch support for a regular feel.,merrell.com; size charts: nike.com/adidas.co.uk/asics.com/clarks.com
asics-grit-ii-trail-263,ASICS,Grit II,Trail,Male,UK,UK 6.5-12,"6.5,7,7.5,8,8.5,9,9.5,10,10.5,11,11.5,12","7.5,8,8.5,9,9.5,10,10.5,11,11.5,12,12.5,13","43,43.5,44,45,46,46.5,47,48,49,49.5,50,51",24.8,30.1,Narrow|Regular|Wide,9.26,11.46,roomy,medium,medium,ripstop mesh,Vibram-style rubber,412,purple|blue|tan,162.8,4.1,102,in_stock,,"Built for trail days: ripstop mesh upper, durable Vibram-style rubber outsole, medium cushion, medium support, and a roomy fit.",asics.com; size charts: nike.com/adidas.co.uk/asics.com/clarks.com
reebok-chelsea-ii-formal-264,Reebok,Chelsea II,Formal,Female,UK,UK 3-8.5,"3,3.5,4,4.5,5,5.5,6,6.5,7,7.5,8,8.5","5,5.5,6,6.5,7,7.5,8,8.5,9,9.5,10,10.5","37.5,38,39,40,40.5,41,42,43,43.5,44,45,46",21.8,27,Narrow|Regular|Wide,8.13,10.33,regular,low,medium,patent leather,rubber,405,navy|beige|yellow|brown,131.95,4.8,77,out_of_stock,,"Built for formal days: patent leather upper, durable rubber outsole, low cushion, medium support, and a regular fit.",reebok.com; size charts: nike.com/adidas.co.uk/asics.com/clarks.com
clarks-pro-ii-athletic-265,Clarks,Pro II,Athletic,Female,UK,UK 3-8,"3,3.5,4,4.5,5,5.5,6,6.5,7,7.5,8","5,5.5,6,6.5,7,7.5,8,8.5,9,9.5,10","37.5,38,39,40,40.5,41,42,43,43.5,44,45",21.7,26.5,Regular|Wide,8.72,10.22,snug,high,medium,knit,rubber,304,blue|brown|white|tan,119.53,4.2,44,in_stock,,"Clarks athletic footwear featuring knit, rubber, high cushioning, medium arch support, and a snug profile.",clarks.com; size charts: nike.com/adidas.co.uk/asics.com/clarks.com
new-balance-hyper-8-gt-athletic-266,New Balance,Hyper 8 GT,Athletic,Female,UK,UK 3-8,"3,3.5,4,4.5,5,5.5,6,6.5,7,7.5,8","5,5.5,6,6.5,7,7.5,8,8.5,9,9.5,10","37.5,38,39,40,40.5,41,42,43,43.5,44,45",21.7,26.6,Narrow|Regular|Wide,8.04,10.24,roomy,high,high,synthetic leather,rubber,247,orange|grey|tan,114.37,4.3,43,in_stock,,"Built for athletic days: synthetic leather upper, durable rubber outsole, high cushion, high support, and a roomy fit.",newbalance.com; size charts: nike.com/adidas.co.uk/asics.com/clarks.com
timberland-charge-elite-athletic-267,Timberland,Charge Elite,Athletic,Female,UK,UK 3.5-8.5,"3.5,4,4.5,5,5.5,6,6.5,7,7.5,8,8.5","5.5,6,6.5,7,7.5,8,8.5,9,9.5,10,10.5","38,39,40,40.5,41,42,43,43.5,44,45,46",22.1,27.1,Narrow,8.2,8.9,regular,medium,medium,synthetic mesh,non-marking rubber,288,blue|brown,109.5,3.7,27,in_stock,,"Built for athletic days: synthetic mesh upper, durable non-marking rubber outsole, medium cushion, medium support, and a regular fit.",timberland.com; size charts: nike.com/adidas.co.uk/asics.com/clarks.com
new-balance-brogue-5-formal-268,New Balance,Brogue 5,Formal,Unisex,UK,UK 3-12,"3,3.5,4,4.5,5,5.5,6,6.5,7,7.5,8,8.5,9,9.5,10,10.5,11,11.5,12","4,4.5,5,5.5,6,6.5,7,7.5,8,8.5,9,9.5,10,10.5,11,11.5,12,12.5,13","37.5,38,39,40,40.5,41,42,43,43.5,44,45,46,46.5,47,48,49,49.5,50,51",21.7,30,Narrow|Regular|Wide,8.66,10.86,regular,medium,medium,suede leather,leather,320,grey|navy|brown|green,143.86,4.4,17,low_stock,,"New Balance formal footwear featuring suede leather, leather, medium cushioning, medium arch support, and a regular profile.",newbalance.com; size charts: nike.com/adidas.co.uk/asics.com/clarks.com
puma-canvas-7-casual-269,PUMA,Canvas 7,Casual,Male,UK,UK 6-12,"6,6.5,7,7.5,8,8.5,9,9.5,10,10.5,11,11.5,12","7,7.5,8,8.5,9,9.5,10,10.5,11,11.5,12,12.5,13","42,43,43.5,44,45,46,46.5,47,48,49,49.5,50,51",24.2,30,Regular,9.13,11.33,roomy,low,medium,synthetic leather,gum rubber,385,beige|grey|tan|brown,69.73,4.5,39,in_stock,,"Built for casual days: synthetic leather upper, durable gum rubber outsole, low cushion, medium support, and a roomy fit.",puma.com; size charts: nike.com/adidas.co.uk/asics.com/clarks.com
skechers-street-iii-casual-270,Skechers,Street III,Casual,Female,UK,UK 3-8.5,"3,3.5,4,4.5,5,5.5,6,6.5,7,7.5,8,8.5","5,5.5,6,6.5,7,7.5,8,8.5,9,9.5,10,10.5","37.5,38,39,40,40.5,41,42,43,43.5,44,45,46",21.6,26.9,Regular,8.07,10.27,regular,medium,medium,canvas,cupsole rubber,326,pink|blue|white|beige,71.96,4.6,45,out_of_stock,,"Skechers casual footwear featuring canvas, cupsole rubber, medium cushioning, medium arch support, and a regular profile.",skechers.com; size charts: nike.com/adidas.co.uk/asics.com/clarks.com
salomon-outback-8-trail-271,Salomon,Outback 8,Trail,Female,UK,UK 3-8.5,"3,3.5,4,4.5,5,5.5,6,6.5,7,7.5,8,8.5","5,5.5,6,6.5,7,7.5,8,8.5,9,9.5,10,10.5","37.5,38,39,40,40.5,41,42,43,43.5,44,45,46",21.7,27,Narrow,8.11,8.81,snug,medium,high,synthetic mesh,Vibram-style rubber,357,blue|brown,154.56,4.3,91,in_stock,,"Salomon trail footwear featuring synthetic mesh, Vibram-style rubber, medium cushioning, high arch support, and a snug profile.",salomon.com; size charts: nike.com/adidas.co.uk/asics.com/clarks.com
vans-ridge-5-trail-272,Vans,Ridge 5,Trail,Male,UK,UK 6.5-11.5,"6.5,7,7.5,8,8.5,9,9.5,10,10.5,11,11.5","7.5,8,8.5,9,9.5,10,10.5,11,11.5,12,12.5","43,43.5,44,45,46,46.5,47,48,49,49.5,50",24.8,29.6,Regular,9.16,11.36,regular,high,medium,gore-tex membrane,sticky rubber,388,beige|black|orange,121.59,4.6,13,low_stock,,"Built for trail days: gore-tex membrane upper, durable sticky rubber outsole, high cushion, medium support, and a regular fit.",vans.com; size charts: nike.com/adidas.co.uk/asics.com/clarks.com
asics-lo-elite-runner-casual-273,ASICS,Lo Elite Runner,Casual,Female,UK,UK 3.5-8,"3.5,4,4.5,5,5.5,6,6.5,7,7.5,8","5.5,6,6.5,7,7.5,8,8.5,9,9.5,10","38,39,40,40.5,41,42,43,43.5,44,45",22.3,26.5,Narrow|Regular,8.13,9.43,snug,low,low,suede,cupsole rubber,335,blue|purple|grey|red,108.45,3.9,33,in_stock,,Casual shoe with suede upper and cupsole rubber outsole; low cushioning and low arch support for a snug feel.,asics.com; size charts: nike.com/adidas.co.uk/asics.com/clarks.com
puma-peak-8-trail-274,PUMA,Peak 8,Trail,Female,UK,UK 3-8.5,"3,3.5,4,4.5,5,5.5,6,6.5,7,7.5,8,8.5","5,5.5,6,6.5,7,7.5,8,8.5,9,9.5,10,10.5","37.5,38,39,40,40.5,41,42,43,43.5,44,45,46",21.8,27,Regular|Wide,8.83,10.33,snug,high,medium,gore-tex membrane,sticky rubber,339,black|grey,129.12,3.6,34,in_stock,,"PUMA trail footwear featuring gore-tex membrane, sticky rubber, high cushioning, medium arch support, and a snug profile.",puma.com; size charts: nike.com/adidas.co.uk/asics.com/clarks.com
skechers-trailblazer-x-trail-275,Skechers,Trailblazer X,Trail,Female,UK,UK 3-8.5,"3,3.5,4,4.5,5,5.5,6,6.5,7,7.5,8,8.5","5,5.5,6,6.5,7,7.5,8,8.5,9,9.5,10,10.5","37.5,38,39,40,40.5,41,42,43,43.5,44,45,46",21.8,27,Regular,8.13,10.33,regular,high,medium,synthetic mesh,Vibram-style rubber,303,white|brown,109.23,4.2,51,out_of_stock,,"Skechers trail footwear featuring synthetic mesh, Vibram-style rubber, high cushioning, medium arch support, and a regular profile.",skechers.com; size charts: nike.com/adidas.co.uk/asics.com/clarks.com
salomon-oxford-elite-formal-276,Salomon,Oxford Elite,Formal,Male,UK,UK 6-11.5,"6,6.5,7,7.5,8,8.5,9,9.5,10,10.5,11,11.5","7,7.5,8,8.5,9,9.5,10,10.5,11,11.5,12,12.5","42,43,43.5,44,45,46,46.5,47,48,49,49.5,50",24.3,29.5,Narrow|Regular,9.05,10.35,regular,medium,medium,full-grain leather,TPU,403,orange|pink|grey,124.28,4.5,24,in_stock,,Formal shoe with full-grain leather upper and TPU outsole; medium cushioning and medium arch support for a regular feel.,salomon.com; size charts: nike.com/adidas.co.uk/asics.com/clarks.com
nike-summit-7-trail-277,Nike,Summit 7,Trail,Male,UK,UK 6-12,"6,6.5,7,7.5,8,8.5,9,9.5,10,10.5,11,11.5,12","7,7.5,8,8.5,9,9.5,10,10.5,11,11.5,12,12.5,13","42,43,43.5,44,45,46,46.5,47,48,49,49.5,50,51",24.4,30.1,Narrow|Regular|Wide,9.18,11.38,snug,medium,low,gore-tex membrane,Vibram-style rubber,403,beige|orange|white,148.35,4.9,59,in_stock,,"Nike trail footwear featuring gore-tex membrane, Vibram-style rubber, medium cushioning, low arch support, and a snug profile.",nike.com; size charts: nike.com/adidas.co.uk/asics.com/clarks.com
reebok-velocity-7-running-278,Reebok,Velocity 7,Running,Female,UK,UK 3.5-8,"3.5,4,4.5,5,5.5,6,6.5,7,7.5,8","5.5,6,6.5,7,7.5,8,8.5,9,9.5,10","38,39,40,40.5,41,42,43,43.5,44,45",22.2,26.7,Regular|Wide,8.85,10.35,roomy,medium,medium,synthetic mesh,carbon rubber,191,grey|purple|white,110.92,4.4,299,low_stock,,"Built for running days: synthetic mesh upper, durable carbon rubber outsole, medium cushion, medium support, and a roomy fit.",reebok.com; size charts: nike.com/adidas.co.uk/asics.com/clarks.com
adidas-derby-i-lite-formal-279,Adidas,Derby I Lite,Formal,Unisex,UK,UK 3.5-12,"3.5,4,4.5,5,5.5,6,6.5,7,7.5,8,8.5,9,9.5,10,10.5,11,11.5,12","4.5,5,5.5,6,6.5,7,7.5,8,8.5,9,9.5,10,10.5,11,11.5,12,12.5,13","38,39,40,40.5,41,42,43,43.5,44,45,46,46.5,47,48,49,49.5,50,51",22.2,30,Wide,9.96,10.96,regular,low,medium,full-grain leather,TPU,401,navy|beige|orange|white,141.66,3.9,42,in_stock,,"Adidas formal footwear featuring full-grain leather, TPU, low cushioning, medium arch support, and a regular profile.",adidas.co.uk; size charts: nike.com/adidas.co.uk/asics.com/clarks.com
salomon-trailblazer-elite-trail-280,Salomon,Trailblazer Elite,Trail,Male,UK,UK 6-12,"6,6.5,7,7.5,8,8.5,9,9.5,10,10.5,11,11.5,12","7,7.5,8,8.5,9,9.5,10,10.5,11,11.5,12,12.5,13","42,43,43.5,44,45,46,46.5,47,48,49,49.5,50,51",24.3,29.8,Narrow|Regular|Wide,9.11,11.31,regular,low,medium,synthetic mesh,Vibram-style rubber,349,brown|pink,123.88,4.2,79,in_stock,,"Salomon trail footwear featuring synthetic mesh, Vibram-style rubber, low cushioning, medium arch support, and a regular profile.",salomon.com; size charts: nike.com/adidas.co.uk/asics.com/clarks.com
asics-drive-max-lite-athletic-281,ASICS,Drive Max Lite,Athletic,Male,UK,UK 6-12,"6,6.5,7,7.5,8,8.5,9,9.5,10,10.5,11,11.5,12","7,7.5,8,8.5,9,9.5,10,10.5,11,11.5,12,12.5,13","42,43,43.5,44,45,46,46.5,47,48,49,49.5,50,51",24.4,30,Narrow,9.16,9.86,regular,medium,low,synthetic leather,rubber,350,brown|blue|white,131.12,4.7,40,low_stock,,Athletic shoe with synthetic leather upper and rubber outsole; medium cushioning and low arch support for a regular feel.,asics.com; size charts: nike.com/adidas.co.uk/asics.com/clarks.com
brooks-canvas-i-runner-casual-282,Brooks,Canvas I Runner,Casual,Male,UK,UK 6-12,"6,6.5,7,7.5,8,8.5,9,9.5,10,10.5,11,11.5,12","7,7.5,8,8.5,9,9.5,10,10.5,11,11.5,12,12.5,13","42,43,43.5,44,45,46,46.5,47,48,49,49.5,50,51",24.3,30,Narrow|Regular|Wide,9.15,11.35,regular,medium,low,suede,rubber,344,tan|green|white,98.91,3.6,100,in_stock,,"Built for casual days: suede upper, durable rubber outsole, medium cushion, low support, and a regular fit.",brooksrunning.com; size charts: nike.com/adidas.co.uk/asics.com/clarks.com
adidas-ridge-5-trail-283,Adidas,Ridge 5,Trail,Male,UK,UK 6-12,"6,6.5,7,7.5,8,8.5,9,9.5,10,10.5,11,11.5,12","7,7.5,8,8.5,9,9.5,10,10.5,11,11.5,12,12.5,13","42,43,43.5,44,45,46,46.5,47,48,49,49.5,50,51",24.2,29.9,Narrow|Regular|Wide,9.11,11.31,regular,medium,low,gore-tex membrane,lugged rubber,340,pink|orange|grey,155.52,4.5,66,in_stock,,Trail shoe with gore-tex membrane upper and lugged rubber outsole; medium cushioning and low arch support for a regular feel.,adidas.co.uk; size charts: nike.com/adidas.co.uk/asics.com/clarks.com
hoka-lift-prime-premium-athletic-284,HOKA,Lift Prime Premium,Athletic,Male,UK,UK 6-12,"6,6.5,7,7.5,8,8.5,9,9.5,10,10.5,11,11.5,12","7,7.5,8,8.5,9,9.5,10,10.5,11,11.5,12,12.5,13","42,43,43.5,44,45,46,46.5,47,48,49,49.5,50,51",24.4,30,Regular,9.16,11.36,snug,medium,medium,synthetic leather,TPU,262,blue|white|orange|beige,147.4,4.5,43,in_stock,,"Built for athletic days: synthetic leather upper, durable TPU outsole, medium cushion, medium support, and a snug fit.",hoka.com; size charts: nike.com/adidas.co.uk/asics.com/clarks.com
asics-aero-ii-running-285,ASICS,Aero II,Running,Male,UK,UK 6-12,"6,6.5,7,7.5,8,8.5,9,9.5,10,10.5,11,11.5,12","7,7.5,8,8.5,9,9.5,10,10.5,11,11.5,12,12.5,13","42,43,43.5,44,45,46,46.5,47,48,49,49.5,50,51",24.3,30,Regular,9.15,11.35,roomy,low,low,synthetic mesh,blown rubber,239,purple|grey|black|tan,132.54,3.5,100,in_stock,,"ASICS running footwear featuring synthetic mesh, blown rubber, low cushioning, low arch support, and a roomy profile.",asics.com; size charts: nike.com/adidas.co.uk/asics.com/clarks.com
timberland-peak-6-trail-286,Timberland,Peak 6,Trail,Female,UK,UK 3-8.5,"3,3.5,4,4.5,5,5.5,6,6.5,7,7.5,8,8.5","5,5.5,6,6.5,7,7.5,8,8.5,9,9.5,10,10.5","37.5,38,39,40,40.5,41,42,43,43.5,44,45,46",21.8,27,Regular,8.13,10.33,regular,high,medium,ripstop mesh,Vibram-style rubber,336,pink|tan|beige,171.59,4.2,13,in_stock,,"Built for trail days: ripstop mesh upper, durable Vibram-style rubber outsole, high cushion, medium support, and a regular fit.",timberland.com; size charts: nike.com/adidas.co.uk/asics.com/clarks.com
nike-edge-8-gt-athletic-287,Nike,Edge 8 GT,Athletic,Male,UK,UK 6-12,"6,6.5,7,7.5,8,8.5,9,9.5,10,10.5,11,11.5,12","7,7.5,8,8.5,9,9.5,10,10.5,11,11.5,12,12.5,13","42,43,43.5,44,45,46,46.5,47,48,49,49.5,50,51",24.3,30.1,Narrow,9.16,9.86,regular,medium,medium,synthetic mesh,non-marking rubber,348,navy|white,146.59,4.5,70,in_stock,,Athletic shoe with synthetic mesh upper and non-marking rubber outsole; medium cushioning and medium arch support for a regular feel.,nike.com; size charts: nike.com/adidas.co.uk/asics.com/clarks.com
adidas-monk-plus-formal-288,Adidas,Monk Plus,Formal,Male,UK,UK 6-11.5,"6,6.5,7,7.5,8,8.5,9,9.5,10,10.5,11,11.5","7,7.5,8,8.5,9,9.5,10,10.5,11,11.5,12,12.5","42,43,43.5,44,45,46,46.5,47,48,49,49.5,50",24.4,29.7,Regular|Wide,9.81,11.31,snug,medium,high,full-grain leather,leather,429,tan|brown,118.54,3.6,62,in_stock,,"Adidas formal footwear featuring full-grain leather, leather, medium cushioning, high arch support, and a snug profile.",adidas.co.uk; size charts: nike.com/adidas.co.uk/asics.com/clarks.com
vans-grit-iii-trail-289,Vans,Grit III,Trail,Male,UK,UK 6.5-12,"6.5,7,7.5,8,8.5,9,9.5,10,10.5,11,11.5,12","7.5,8,8.5,9,9.5,10,10.5,11,11.5,12,12.5,13","43,43.5,44,45,46,46.5,47,48,49,49.5,50,51",24.7,29.9,Narrow|Regular|Wide,9.2,11.4,regular,high,medium,ripstop mesh,lugged rubber,298,beige|tan|black|green,144.21,4.8,17,in_stock,,"Built for trail days: ripstop mesh upper, durable lugged rubber outsole, high cushion, medium support, and a regular fit.",vans.com; size charts: nike.com/adidas.co.uk/asics.com/clarks.com
converse-retro-iii-casual-290,Converse,Retro III,Casual,Female,UK,UK 3-8,"3,3.5,4,4.5,5,5.5,6,6.5,7,7.5,8","5,5.5,6,6.5,7,7.5,8,8.5,9,9.5,10","37.5,38,39,40,40.5,41,42,43,43.5,44,45",21.6,26.5,Narrow|Regular|Wide,8,10.2,regular,low,low,synthetic leather,gum rubber,340,grey|purple|blue|navy,73.93,3.4,96,in_stock,,"Converse casual footwear featuring synthetic leather, gum rubber, low cushioning, low arch support, and a regular profile.",converse.com; size charts: nike.com/adidas.co.uk/asics.com/clarks.com
skechers-swift-i-running-291,Skechers,Swift I,Running,Male,UK,UK 6-12,"6,6.5,7,7.5,8,8.5,9,9.5,10,10.5,11,11.5,12","7,7.5,8,8.5,9,9.5,10,10.5,11,11.5,12,12.5,13","42,43,43.5,44,45,46,46.5,47,48,49,49.5,50,51",24.3,30.1,Narrow|Regular|Wide,9.16,11.36,regular,high,medium,knit mesh,carbon rubber,260,beige|grey|yellow,148.63,4.5,49,in_stock,,"Built for running days: knit mesh upper, durable carbon rubber outsole, high cushion, medium support, and a regular fit.",skechers.com; size charts: nike.com/adidas.co.uk/asics.com/clarks.com
adidas-peak-iii-trail-292,Adidas,Peak III,Trail,Female,UK,UK 3-8.5,"3,3.5,4,4.5,5,5.5,6,6.5,7,7.5,8,8.5","5,5.5,6,6.5,7,7.5,8,8.5,9,9.5,10,10.5","37.5,38,39,40,40.5,41,42,43,43.5,44,45,46",21.7,26.9,Regular,8.09,10.29,snug,high,high,ripstop mesh,sticky rubber,350,navy|orange|white,156.25,4,257,in_stock,,"Adidas trail footwear featuring ripstop mesh, sticky rubber, high cushioning, high arch support, and a snug profile.",adidas.co.uk; size charts: nike.com/adidas.co.uk/asics.com/clarks.com
nike-outback-x-trail-293,Nike,Outback X,Trail,Female,UK,UK 3-8.5,"3,3.5,4,4.5,5,5.5,6,6.5,7,7.5,8,8.5","5,5.5,6,6.5,7,7.5,8,8.5,9,9.5,10,10.5","37.5,38,39,40,40.5,41,42,43,43.5,44,45,46",21.8,27.1,Regular,8.15,10.35,regular,low,medium,synthetic mesh,Vibram-style rubber,277,brown|black|red,188.78,4.1,42,low_stock,,"Nike trail footwear featuring synthetic mesh, Vibram-style rubber, low cushioning, medium arch support, and a regular profile.",nike.com; size charts: nike.com/adidas.co.uk/asics.com/clarks.com
asics-cross-4-athletic-294,ASICS,Cross 4,Athletic,Unisex,UK,UK 3-11.5,"3,3.5,4,4.5,5,5.5,6,6.5,7,7.5,8,8.5,9,9.5,10,10.5,11,11.5","4,4.5,5,5.5,6,6.5,7,7.5,8,8.5,9,9.5,10,10.5,11,11.5,12,12.5","37.5,38,39,40,40.5,41,42,43,43.5,44,45,46,46.5,47,48,49,49.5,50",21.6,29.4,Regular,8.54,10.74,regular,medium,low,synthetic leather,TPU,348,brown|pink,111.84,3.9,57,in_stock,,"ASICS athletic footwear featuring synthetic leather, TPU, medium cushioning, low arch support, and a regular profile.",asics.com; size charts: nike.com/adidas.co.uk/asics.com/clarks.com
merrell-cross-prime-athletic-295,Merrell,Cross Prime,Athletic,Unisex,UK,UK 3-12,"3,3.5,4,4.5,5,5.5,6,6.5,7,7.5,8,8.5,9,9.5,10,10.5,11,11.5,12","4,4.5,5,5.5,6,6.5,7,7.5,8,8.5,9,9.5,10,10.5,11,11.5,12,12.5,13","37.5,38,39,40,40.5,41,42,43,43.5,44,45,46,46.5,47,48,49,49.5,50,51",21.8,30.1,Regular,8.7,10.9,regular,low,medium,knit,non-marking rubber,240,tan|pink,115.18,4.3,5,in_stock,,"Merrell athletic footwear featuring knit, non-marking rubber, low cushioning, medium arch support, and a regular profile.",merrell.com; size charts: nike.com/adidas.co.uk/asics.com/clarks.com
asics-lo-iii-casual-296,ASICS,Lo III,Casual,Unisex,UK,UK 3-12,"3,3.5,4,4.5,5,5.5,6,6.5,7,7.5,8,8.5,9,9.5,10,10.5,11,11.5,12","4,4.5,5,5.5,6,6.5,7,7.5,8,8.5,9,9.5,10,10.5,11,11.5,12,12.5,13","37.5,38,39,40,40.5,41,42,43,43.5,44,45,46,46.5,47,48,49,49.5,50,51",21.8,30.1,Narrow|Regular|Wide,8.7,10.9,roomy,low,medium,suede,gum rubber,336,yellow|navy|brown,90.13,4.9,79,in_stock,,"Built for casual days: suede upper, durable gum rubber outsole, low cushion, medium support, and a roomy fit.",asics.com; size charts: nike.com/adidas.co.uk/asics.com/clarks.com
hoka-endorphin-iii-running-297,HOKA,Endorphin III,Running,Male,UK,UK 6-12,"6,6.5,7,7.5,8,8.5,9,9.5,10,10.5,11,11.5,12","7,7.5,8,8.5,9,9.5,10,10.5,11,11.5,12,12.5,13","42,43,43.5,44,45,46,46.5,47,48,49,49.5,50,51",24.2,29.9,Wide,10.31,11.31,regular,medium,medium,synthetic mesh,carbon rubber,311,beige|orange|pink|brown,113.74,4.2,45,in_stock,,"Built for running days: synthetic mesh upper, durable carbon rubber outsole, medium cushion, medium support, and a regular fit.",hoka.com; size charts: nike.com/adidas.co.uk/asics.com/clarks.com
reebok-derby-i-formal-298,Reebok,Derby I,Formal,Male,UK,UK 6.5-11.5,"6.5,7,7.5,8,8.5,9,9.5,10,10.5,11,11.5","7.5,8,8.5,9,9.5,10,10.5,11,11.5,12,12.5","43,43.5,44,45,46,46.5,47,48,49,49.5,50",24.7,29.4,Regular,9.11,11.31,regular,low,high,suede leather,TPU,464,grey|yellow|pink,134.82,4.7,81,in_stock,,"Built for formal days: suede leather upper, durable TPU outsole, low cushion, high support, and a regular fit.",reebok.com; size charts: nike.com/adidas.co.uk/asics.com/clarks.com
puma-grit-6-trail-299,PUMA,Grit 6,Trail,Male,UK,UK 6-12,"6,6.5,7,7.5,8,8.5,9,9.5,10,10.5,11,11.5,12","7,7.5,8,8.5,9,9.5,10,10.5,11,11.5,12,12.5,13","42,43,43.5,44,45,46,46.5,47,48,49,49.5,50,51",24.3,29.9,Narrow|Regular|Wide,9.13,11.33,regular,medium,medium,ripstop mesh,Vibram-style rubber,375,white|black|green,148.64,4,103,low_stock,,Trail shoe with ripstop mesh upper and Vibram-style rubber outsole; medium cushioning and medium arch support for a regular feel.,puma.com; size charts: nike.com/adidas.co.uk/asics.com/clarks.com
nike-charge-ii-boost-athletic-300,Nike,Charge II Boost,Athletic,Unisex,UK,UK 3.5-11.5,"3.5,4,4.5,5,5.5,6,6.5,7,7.5,8,8.5,9,9.5,10,10.5,11,11.5","4.5,5,5.5,6,6.5,7,7.5,8,8.5,9,9.5,10,10.5,11,11.5,12,12.5","38,39,40,40.5,41,42,43,43.5,44,45,46,46.5,47,48,49,49.5,50",22.2,29.5,Wide,9.86,10.86,roomy,medium,low,synthetic leather,TPU,305,blue|pink|white|tan,116.41,3.2,229,in_stock,,"Nike athletic footwear featuring synthetic leather, TPU, medium cushioning, low arch support, and a roomy profile.",nike.com; size charts: nike.com/adidas.co.uk/asics.com/clarks.com
skechers-traverse-x-trail-301,Skechers,Traverse X,Trail,Male,UK,UK 6.5-12,"6.5,7,7.5,8,8.5,9,9.5,10,10.5,11,11.5,12","7.5,8,8.5,9,9.5,10,10.5,11,11.5,12,12.5,13","43,43.5,44,45,46,46.5,47,48,49,49.5,50,51",24.7,29.9,Regular,9.2,11.4,roomy,high,low,ripstop mesh,Vibram-style rubber,379,orange|yellow|white|brown,142.19,4.9,82,in_stock,,"Skechers trail footwear featuring ripstop mesh, Vibram-style rubber, high cushioning, low arch support, and a roomy profile.",skechers.com; size charts: nike.com/adidas.co.uk/asics.com/clarks.com
adidas-chelsea-plus-formal-302,Adidas,Chelsea Plus,Formal,Male,UK,UK 6-11.5,"6,6.5,7,7.5,8,8.5,9,9.5,10,10.5,11,11.5","7,7.5,8,8.5,9,9.5,10,10.5,11,11.5,12,12.5","42,43,43.5,44,45,46,46.5,47,48,49,49.5,50",24.3,29.4,Narrow|Regular|Wide,9.03,11.23,regular,medium,medium,full-grain leather,TPU,387,pink|green|tan|red,155.58,4.3,42,low_stock,,Formal shoe with full-grain leather upper and TPU outsole; medium cushioning and medium arch support for a regular feel.,adidas.co.uk; size charts: nike.com/adidas.co.uk/asics.com/clarks.com
asics-everyday-9-casual-303,ASICS,Everyday 9,Casual,Male,UK,UK 6-11.5,"6,6.5,7,7.5,8,8.5,9,9.5,10,10.5,11,11.5","7,7.5,8,8.5,9,9.5,10,10.5,11,11.5,12,12.5","42,43,43.5,44,45,46,46.5,47,48,49,49.5,50",24.4,29.7,Regular|Wide,9.81,11.31,snug,medium,high,synthetic leather,rubber,323,pink|beige|grey|navy,126.09,4.5,196,low_stock,,"Built for casual days: synthetic leather upper, durable rubber outsole, medium cushion, high support, and a snug fit.",asics.com; size charts: nike.com/adidas.co.uk/asics.com/clarks.com
timberland-peak-8-trail-304,Timberland,Peak 8,Trail,Female,UK,UK 3-8.5,"3,3.5,4,4.5,5,5.5,6,6.5,7,7.5,8,8.5","5,5.5,6,6.5,7,7.5,8,8.5,9,9.5,10,10.5","37.5,38,39,40,40.5,41,42,43,43.5,44,45,46",21.9,26.8,Narrow|Regular|Wide,8.11,10.31,roomy,high,medium,gore-tex membrane,Vibram-style rubber,361,green|grey|tan,173.71,3.8,347,in_stock,,Trail shoe with gore-tex membrane upper and Vibram-style rubber outsole; high cushioning and medium arch support for a roomy feel.,timberland.com; size charts: nike.com/adidas.co.uk/asics.com/clarks.com
converse-power-6-athletic-305,Converse,Power 6,Athletic,Female,UK,UK 3-8,"3,3.5,4,4.5,5,5.5,6,6.5,7,7.5,8","5,5.5,6,6.5,7,7.5,8,8.5,9,9.5,10","37.5,38,39,40,40.5,41,42,43,43.5,44,45",21.7,26.5,Regular|Wide,8.72,10.22,snug,medium,medium,knit,rubber,313,grey|blue,136.95,4,97,low_stock,,Athletic shoe with knit upper and rubber outsole; medium cushioning and medium arch support for a snug feel.,converse.com; size charts: nike.com/adidas.co.uk/asics.com/clarks.com
adidas-captoe-ii-formal-306,Adidas,Captoe II,Formal,Male,UK,UK 6.5-12,"6.5,7,7.5,8,8.5,9,9.5,10,10.5,11,11.5,12","7.5,8,8.5,9,9.5,10,10.5,11,11.5,12,12.5,13","43,43.5,44,45,46,46.5,47,48,49,49.5,50,51",24.8,30,Wide,10.44,11.44,regular,medium,low,full-grain leather,TPU,437,brown|blue|purple,101.21,3.8,170,in_stock,,"Built for formal days: full-grain leather upper, durable TPU outsole, medium cushion, low support, and a regular fit.",adidas.co.uk; size charts: nike.com/adidas.co.uk/asics.com/clarks.com
puma-aero-i-running-307,PUMA,Aero I,Running,Male,UK,UK 6.5-11.5,"6.5,7,7.5,8,8.5,9,9.5,10,10.5,11,11.5","7.5,8,8.5,9,9.5,10,10.5,11,11.5,12,12.5","43,43.5,44,45,46,46.5,47,48,49,49.5,50",24.7,29.5,Wide,10.33,11.33,snug,medium,medium,engineered mesh,blown rubber,302,green|tan,139.04,4.5,59,in_stock,,"Built for running days: engineered mesh upper, durable blown rubber outsole, medium cushion, medium support, and a snug fit.",puma.com; size charts: nike.com/adidas.co.uk/asics.com/clarks.com
converse-monk-iii-formal-308,Converse,Monk III,Formal,Female,UK,UK 3-8.5,"3,3.5,4,4.5,5,5.5,6,6.5,7,7.5,8,8.5","5,5.5,6,6.5,7,7.5,8,8.5,9,9.5,10,10.5","37.5,38,39,40,40.5,41,42,43,43.5,44,45,46",21.6,27,Regular|Wide,8.79,10.29,regular,medium,low,full-grain leather,leather,411,yellow|pink|grey,157.11,4.6,25,in_stock,,Formal shoe with full-grain leather upper and leather outsole; medium cushioning and low arch support for a regular feel.,converse.com; size charts: nike.com/adidas.co.uk/asics.com/clarks.com
saucony-pace-x-premium-running-309,Saucony,Pace X Premium,Running,Male,UK,UK 6-12,"6,6.5,7,7.5,8,8.5,9,9.5,10,10.5,11,11.5,12","7,7.5,8,8.5,9,9.5,10,10.5,11,11.5,12,12.5,13","42,43,43.5,44,45,46,46.5,47,48,49,49.5,50,51",24.5,29.9,Narrow|Regular,9.16,10.46,regular,low,low,knit mesh,rubber,241,red|orange,100.75,4.1,68,low_stock,,Running shoe with knit mesh upper and rubber outsole; low cushioning and low arch support for a regular feel.,saucony.com; size charts: nike.com/adidas.co.uk/asics.com/clarks.com
converse-surge-i-running-310,Converse,Surge I,Running,Male,UK,UK 6.5-11.5,"6.5,7,7.5,8,8.5,9,9.5,10,10.5,11,11.5","7.5,8,8.5,9,9.5,10,10.5,11,11.5,12,12.5","43,43.5,44,45,46,46.5,47,48,49,49.5,50",24.8,29.7,Narrow|Regular,9.18,10.48,regular,medium,low,synthetic mesh,rubber,303,pink|navy|red,121.92,4.3,115,out_of_stock,,"Converse running footwear featuring synthetic mesh, rubber, medium cushioning, low arch support, and a regular profile.",converse.com; size charts: nike.com/adidas.co.uk/asics.com/clarks.com
new-balance-lo-iii-casual-311,New Balance,Lo III,Casual,Unisex,UK,UK 3-11.5,"3,3.5,4,4.5,5,5.5,6,6.5,7,7.5,8,8.5,9,9.5,10,10.5,11,11.5","4,4.5,5,5.5,6,6.5,7,7.5,8,8.5,9,9.5,10,10.5,11,11.5,12,12.5","37.5,38,39,40,40.5,41,42,43,43.5,44,45,46,46.5,47,48,49,49.5,50",21.7,29.5,Regular|Wide,9.27,10.77,snug,medium,high,synthetic leather,rubber,358,green|white|blue,88.78,3.7,13,in_stock,,"Built for casual days: synthetic leather upper, durable rubber outsole, medium cushion, high support, and a snug fit.",newbalance.com; size charts: nike.com/adidas.co.uk/asics.com/clarks.com
timberland-cross-iii-athletic-312,Timberland,Cross III,Athletic,Female,UK,UK 3-8,"3,3.5,4,4.5,5,5.5,6,6.5,7,7.5,8","5,5.5,6,6.5,7,7.5,8,8.5,9,9.5,10","37.5,38,39,40,40.5,41,42,43,43.5,44,45",21.7,26.5,Regular,8.02,10.22,regular,high,high,synthetic mesh,TPU,264,red|green|navy|white,93.81,4.6,124,out_of_stock,,Athletic shoe with synthetic mesh upper and TPU outsole; high cushioning and high arch support for a regular feel.,timberland.com; size charts: nike.com/adidas.co.uk/asics.com/clarks.com
merrell-velocity-plus-running-313,Merrell,Velocity Plus,Running,Male,UK,UK 6-12,"6,6.5,7,7.5,8,8.5,9,9.5,10,10.5,11,11.5,12","7,7.5,8,8.5,9,9.5,10,10.5,11,11.5,12,12.5,13","42,43,43.5,44,45,46,46.5,47,48,49,49.5,50,51",24.4,30,Regular,9.16,11.36,snug,high,high,engineered mesh,carbon rubber,240,blue|navy|beige,133.09,4.4,28,in_stock,,"Built for running days: engineered mesh upper, durable carbon rubber outsole, high cushion, high support, and a snug fit.",merrell.com; size charts: nike.com/adidas.co.uk/asics.com/clarks.com
salomon-trainer-elite-athletic-314,Salomon,Trainer Elite,Athletic,Female,UK,UK 3-8,"3,3.5,4,4.5,5,5.5,6,6.5,7,7.5,8","5,5.5,6,6.5,7,7.5,8,8.5,9,9.5,10","37.5,38,39,40,40.5,41,42,43,43.5,44,45",21.7,26.6,Regular,8.04,10.24,regular,medium,medium,synthetic mesh,rubber,317,tan|yellow|navy,113.25,3.9,116,in_stock,,Athletic shoe with synthetic mesh upper and rubber outsole; medium cushioning and medium arch support for a regular feel.,salomon.com; size charts: nike.com/adidas.co.uk/asics.com/clarks.com
merrell-surge-9-running-315,Merrell,Surge 9,Running,Unisex,UK,UK 3-11.5,"3,3.5,4,4.5,5,5.5,6,6.5,7,7.5,8,8.5,9,9.5,10,10.5,11,11.5","4,4.5,5,5.5,6,6.5,7,7.5,8,8.5,9,9.5,10,10.5,11,11.5,12,12.5","37.5,38,39,40,40.5,41,42,43,43.5,44,45,46,46.5,47,48,49,49.5,50",21.8,29.6,Narrow|Regular|Wide,8.61,10.81,snug,high,medium,knit mesh,rubber,337,orange|tan|purple,101.63,3.9,143,in_stock,,Running shoe with knit mesh upper and rubber outsole; high cushioning and medium arch support for a snug feel.,merrell.com; size charts: nike.com/adidas.co.uk/asics.com/clarks.com
adidas-grit-prime-gt-trail-316,Adidas,Grit Prime GT,Trail,Unisex,UK,UK 3-12,"3,3.5,4,4.5,5,5.5,6,6.5,7,7.5,8,8.5,9,9.5,10,10.5,11,11.5,12","4,4.5,5,5.5,6,6.5,7,7.5,8,8.5,9,9.5,10,10.5,11,11.5,12,12.5,13","37.5,38,39,40,40.5,41,42,43,43.5,44,45,46,46.5,47,48,49,49.5,50,51",21.7,30.1,Regular,8.68,10.88,snug,low,medium,synthetic mesh,Vibram-style rubber,351,tan|green|grey,170.69,4.5,65,in_stock,,"Built for trail days: synthetic mesh upper, durable Vibram-style rubber outsole, low cushion, medium support, and a snug fit.",adidas.co.uk; size charts: nike.com/adidas.co.uk/asics.com/clarks.com
merrell-traverse-prime-trail-317,Merrell,Traverse Prime,Trail,Female,UK,UK 3-8.5,"3,3.5,4,4.5,5,5.5,6,6.5,7,7.5,8,8.5","5,5.5,6,6.5,7,7.5,8,8.5,9,9.5,10,10.5","37.5,38,39,40,40.5,41,42,43,43.5,44,45,46",21.8,27,Narrow,8.13,8.83,regular,medium,high,synthetic mesh,lugged rubber,346,beige|black,127.33,4.9,28,low_stock,,"Merrell trail footwear featuring synthetic mesh, lugged rubber, medium cushioning, high arch support, and a regular profile.",merrell.com; size charts: nike.com/adidas.co.uk/asics.com/clarks.com
nike-oxford-9-boost-formal-318,Nike,Oxford 9 Boost,Formal,Male,UK,UK 6-11.5,"6,6.5,7,7.5,8,8.5,9,9.5,10,10.5,11,11.5","7,7.5,8,8.5,9,9.5,10,10.5,11,11.5,12,12.5","42,43,43.5,44,45,46,46.5,47,48,49,49.5,50",24.2,29.5,Narrow|Regular|Wide,9.03,11.23,regular,low,medium,full-grain leather,TPU,497,yellow|red,149.66,3.9,55,in_stock,,"Nike formal footwear featuring full-grain leather, TPU, low cushioning, medium arch support, and a regular profile.",nike.com; size charts: nike.com/adidas.co.uk/asics.com/clarks.com
saucony-charge-prime-athletic-319,Saucony,Charge Prime,Athletic,Female,UK,UK 3-8,"3,3.5,4,4.5,5,5.5,6,6.5,7,7.5,8","5,5.5,6,6.5,7,7.5,8,8.5,9,9.5,10","37.5,38,39,40,40.5,41,42,43,43.5,44,45",21.9,26.5,Narrow|Regular|Wide,8.05,10.25,regular,medium,medium,synthetic mesh,non-marking rubber,312,pink|orange,132.6,4.3,61,in_stock,,"Built for athletic days: synthetic mesh upper, durable non-marking rubber outsole, medium cushion, medium support, and a regular fit.",saucony.com; size charts: nike.com/adidas.co.uk/asics.com/clarks.com
reebok-drive-ii-athletic-320,Reebok,Drive II,Athletic,Male,UK,UK 6-12,"6,6.5,7,7.5,8,8.5,9,9.5,10,10.5,11,11.5,12","7,7.5,8,8.5,9,9.5,10,10.5,11,11.5,12,12.5,13","42,43,43.5,44,45,46,46.5,47,48,49,49.5,50,51",24.3,30.1,Narrow|Regular,9.16,10.46,roomy,medium,medium,synthetic mesh,non-marking rubber,270,purple|navy|beige|white,102.92,4.2,129,in_stock,,"Reebok athletic footwear featuring synthetic mesh, non-marking rubber, medium cushioning, medium arch support, and a roomy profile.",reebok.com; size charts: nike.com/adidas.co.uk/asics.com/clarks.com
merrell-canyon-max-trail-321,Merrell,Canyon Max,Trail,Male,UK,UK 6-11.5,"6,6.5,7,7.5,8,8.5,9,9.5,10,10.5,11,11.5","7,7.5,8,8.5,9,9.5,10,10.5,11,11.5,12,12.5","42,43,43.5,44,45,46,46.5,47,48,49,49.5,50",24.3,29.5,Regular|Wide,9.75,11.25,regular,medium,medium,gore-tex membrane,sticky rubber,424,black|orange|pink,135.93,4,40,in_stock,,"Merrell trail footwear featuring gore-tex membrane, sticky rubber, medium cushioning, medium arch support, and a regular profile.",merrell.com; size charts: nike.com/adidas.co.uk/asics.com/clarks.com
hoka-loafer-elite-premium-formal-322,HOKA,Loafer Elite Premium,Formal,Unisex,UK,UK 3-12,"3,3.5,4,4.5,5,5.5,6,6.5,7,7.5,8,8.5,9,9.5,10,10.5,11,11.5,12","4,4.5,5,5.5,6,6.5,7,7.5,8,8.5,9,9.5,10,10.5,11,11.5,12,12.5,13","37.5,38,39,40,40.5,41,42,43,43.5,44,45,46,46.5,47,48,49,49.5,50,51",21.7,30,Narrow|Regular|Wide,8.66,10.86,snug,medium,medium,patent leather,rubber,422,yellow|white|orange,160.65,4.3,16,low_stock,,"Built for formal days: patent leather upper, durable rubber outsole, medium cushion, medium support, and a snug fit.",hoka.com; size charts: nike.com/adidas.co.uk/asics.com/clarks.com
skechers-peak-max-trail-323,Skechers,Peak Max,Trail,Male,UK,UK 6-12,"6,6.5,7,7.5,8,8.5,9,9.5,10,10.5,11,11.5,12","7,7.5,8,8.5,9,9.5,10,10.5,11,11.5,12,12.5,13","42,43,43.5,44,45,46,46.5,47,48,49,49.5,50,51",24.5,30.1,Narrow|Regular|Wide,9.2,11.4,regular,high,medium,ripstop mesh,lugged rubber,305,red|grey|black,171.92,4.8,41,low_stock,,"Skechers trail footwear featuring ripstop mesh, lugged rubber, high cushioning, medium arch support, and a regular profile.",skechers.com; size charts: nike.com/adidas.co.uk/asics.com/clarks.com
reebok-endorphin-plus-running-324,Reebok,Endorphin Plus,Running,Unisex,UK,UK 3-12,"3,3.5,4,4.5,5,5.5,6,6.5,7,7.5,8,8.5,9,9.5,10,10.5,11,11.5,12","4,4.5,5,5.5,6,6.5,7,7.5,8,8.5,9,9.5,10,10.5,11,11.5,12,12.5,13","37.5,38,39,40,40.5,41,42,43,43.5,44,45,46,46.5,47,48,49,49.5,50,51",21.9,30.1,Narrow|Regular|Wide,8.72,10.92,regular,low,high,knit mesh,blown rubber,240,green|pink,140.75,4.1,87,in_stock,,"Reebok running footwear featuring knit mesh, blown rubber, low cushioning, high arch support, and a regular profile.",reebok.com; size charts: nike.com/adidas.co.uk/asics.com/clarks.com
new-balance-drive-8-athletic-325,New Balance,Drive 8,Athletic,Female,UK,UK 3.5-8.5,"3.5,4,4.5,5,5.5,6,6.5,7,7.5,8,8.5","5.5,6,6.5,7,7.5,8,8.5,9,9.5,10,10.5","38,39,40,40.5,41,42,43,43.5,44,45,46",22,26.9,Narrow|Regular|Wide,8.15,10.35,roomy,medium,medium,knit,TPU,301,green|navy|grey,124.03,3.9,48,in_stock,,"New Balance athletic footwear featuring knit, TPU, medium cushioning, medium arch support, and a roomy profile.",newbalance.com; size charts: nike.com/adidas.co.uk/asics.com/clarks.com
adidas-ridge-plus-trail-326,Adidas,Ridge Plus,Trail,Female,UK,UK 3-8,"3,3.5,4,4.5,5,5.5,6,6.5,7,7.5,8","5,5.5,6,6.5,7,7.5,8,8.5,9,9.5,10","37.5,38,39,40,40.5,41,42,43,43.5,44,45",21.7,26.5,Narrow|Regular|Wide,8.02,10.22,regular,high,low,synthetic mesh,Vibram-style rubber,367,yellow|red|black,131.15,4.2,30,low_stock,,"Adidas trail footwear featuring synthetic mesh, Vibram-style rubber, high cushioning, low arch support, and a regular profile.",adidas.co.uk; size charts: nike.com/adidas.co.uk/asics.com/clarks.com
skechers-brogue-8-formal-327,Skechers,Brogue 8,Formal,Female,UK,UK 3.5-8,"3.5,4,4.5,5,5.5,6,6.5,7,7.5,8","5.5,6,6.5,7,7.5,8,8.5,9,9.5,10","38,39,40,40.5,41,42,43,43.5,44,45",22,26.6,Regular,8.09,10.29,regular,medium,low,patent leather,rubber,399,white|purple|navy,135.82,4.3,17,in_stock,,"Skechers formal footwear featuring patent leather, rubber, medium cushioning, low arch support, and a regular profile.",skechers.com; size charts: nike.com/adidas.co.uk/asics.com/clarks.com
vans-outback-plus-trail-328,Vans,Outback Plus,Trail,Female,UK,UK 3.5-8.5,"3.5,4,4.5,5,5.5,6,6.5,7,7.5,8,8.5","5.5,6,6.5,7,7.5,8,8.5,9,9.5,10,10.5","38,39,40,40.5,41,42,43,43.5,44,45,46",22.1,27.1,Regular,8.2,10.4,regular,high,medium,ripstop mesh,lugged rubber,316,brown|white|blue,138.95,4.1,22,in_stock,,"Built for trail days: ripstop mesh upper, durable lugged rubber outsole, high cushion, medium support, and a regular fit.",vans.com; size charts: nike.com/adidas.co.uk/asics.com/clarks.com
hoka-zoom-8-running-329,HOKA,Zoom 8,Running,Female,UK,UK 3-8.5,"3,3.5,4,4.5,5,5.5,6,6.5,7,7.5,8,8.5","5,5.5,6,6.5,7,7.5,8,8.5,9,9.5,10,10.5","37.5,38,39,40,40.5,41,42,43,43.5,44,45,46",21.6,26.9,Regular,8.07,10.27,regular,medium,low,engineered mesh,rubber,215,yellow|beige|orange,160.38,4.3,22,low_stock,,"HOKA running footwear featuring engineered mesh, rubber, medium cushioning, low arch support, and a regular profile.",hoka.com; size charts: nike.com/adidas.co.uk/asics.com/clarks.com
puma-wingtip-4-formal-330,PUMA,Wingtip 4,Formal,Male,UK,UK 6.5-11.5,"6.5,7,7.5,8,8.5,9,9.5,10,10.5,11,11.5","7.5,8,8.5,9,9.5,10,10.5,11,11.5,12,12.5","43,43.5,44,45,46,46.5,47,48,49,49.5,50",24.8,29.5,Narrow|Regular|Wide,9.15,11.35,roomy,high,high,full-grain leather,leather,385,brown|orange,112.7,3.7,17,out_of_stock,,"Built for formal days: full-grain leather upper, durable leather outsole, high cushion, high support, and a roomy fit.",puma.com; size charts: nike.com/adidas.co.uk/asics.com/clarks.com
reebok-stride-5-running-331,Reebok,Stride 5,Running,Male,UK,UK 6-11.5,"6,6.5,7,7.5,8,8.5,9,9.5,10,10.5,11,11.5","7,7.5,8,8.5,9,9.5,10,10.5,11,11.5,12,12.5","42,43,43.5,44,45,46,46.5,47,48,49,49.5,50",24.4,29.7,Narrow|Regular|Wide,9.11,11.31,regular,low,medium,knit mesh,blown rubber,275,white|navy|pink|purple,99.47,4.1,32,out_of_stock,,"Reebok running footwear featuring knit mesh, blown rubber, low cushioning, medium arch support, and a regular profile.",reebok.com; size charts: nike.com/adidas.co.uk/asics.com/clarks.com
merrell-grit-ii-trail-332,Merrell,Grit II,Trail,Male,UK,UK 6-12,"6,6.5,7,7.5,8,8.5,9,9.5,10,10.5,11,11.5,12","7,7.5,8,8.5,9,9.5,10,10.5,11,11.5,12,12.5,13","42,43,43.5,44,45,46,46.5,47,48,49,49.5,50,51",24.2,29.9,Regular|Wide,9.81,11.31,regular,medium,low,synthetic mesh,sticky rubber,372,beige|tan|navy,128.74,4.7,55,in_stock,,Trail shoe with synthetic mesh upper and sticky rubber outsole; medium cushioning and low arch support for a regular feel.,merrell.com; size charts: nike.com/adidas.co.uk/asics.com/clarks.com
merrell-lo-x-casual-333,Merrell,Lo X,Casual,Unisex,UK,UK 3-12,"3,3.5,4,4.5,5,5.5,6,6.5,7,7.5,8,8.5,9,9.5,10,10.5,11,11.5,12","4,4.5,5,5.5,6,6.5,7,7.5,8,8.5,9,9.5,10,10.5,11,11.5,12,12.5,13","37.5,38,39,40,40.5,41,42,43,43.5,44,45,46,46.5,47,48,49,49.5,50,51",21.7,30.1,Regular|Wide,9.38,10.88,regular,low,low,leather,rubber,356,blue|beige|orange|purple,93.93,4.2,134,in_stock,,"Built for casual days: leather upper, durable rubber outsole, low cushion, low support, and a regular fit.",merrell.com; size charts: nike.com/adidas.co.uk/asics.com/clarks.com
timberland-grit-elite-trail-334,Timberland,Grit Elite,Trail,Female,UK,UK 3-8.5,"3,3.5,4,4.5,5,5.5,6,6.5,7,7.5,8,8.5","5,5.5,6,6.5,7,7.5,8,8.5,9,9.5,10,10.5","37.5,38,39,40,40.5,41,42,43,43.5,44,45,46",21.7,26.9,Regular,8.09,10.29,roomy,high,low,synthetic mesh,Vibram-style rubber,312,grey|red|white|blue,135.55,4.7,176,out_of_stock,,"Built for trail days: synthetic mesh upper, durable Vibram-style rubber outsole, high cushion, low support, and a roomy fit.",timberland.com; size charts: nike.com/adidas.co.uk/asics.com/clarks.com
converse-grit-5-trail-335,Converse,Grit 5,Trail,Male,UK,UK 6.5-11.5,"6.5,7,7.5,8,8.5,9,9.5,10,10.5,11,11.5","7.5,8,8.5,9,9.5,10,10.5,11,11.5,12,12.5","43,43.5,44,45,46,46.5,47,48,49,49.5,50",24.7,29.5,Narrow|Regular|Wide,9.13,11.33,regular,medium,high,gore-tex membrane,Vibram-style rubber,313,black|navy|grey|yellow,134.15,4,49,in_stock,,Trail shoe with gore-tex membrane upper and Vibram-style rubber outsole; medium cushioning and high arch support for a regular feel.,converse.com; size charts: nike.com/adidas.co.uk/asics.com/clarks.com
hoka-outback-elite-gt-trail-336,HOKA,Outback Elite GT,Trail,Male,UK,UK 6-12,"6,6.5,7,7.5,8,8.5,9,9.5,10,10.5,11,11.5,12","7,7.5,8,8.5,9,9.5,10,10.5,11,11.5,12,12.5,13","42,43,43.5,44,45,46,46.5,47,48,49,49.5,50,51",24.3,30.1,Regular,9.16,11.36,regular,low,medium,ripstop mesh,lugged rubber,348,white|navy|red,185.67,4.6,36,low_stock,,"HOKA trail footwear featuring ripstop mesh, lugged rubber, low cushioning, medium arch support, and a regular profile.",hoka.com; size charts: nike.com/adidas.co.uk/asics.com/clarks.com
clarks-power-i-athletic-337,Clarks,Power I,Athletic,Unisex,UK,UK 3-12,"3,3.5,4,4.5,5,5.5,6,6.5,7,7.5,8,8.5,9,9.5,10,10.5,11,11.5,12","4,4.5,5,5.5,6,6.5,7,7.5,8,8.5,9,9.5,10,10.5,11,11.5,12,12.5,13","37.5,38,39,40,40.5,41,42,43,43.5,44,45,46,46.5,47,48,49,49.5,50,51",21.7,29.9,Regular|Wide,9.35,10.85,regular,high,low,synthetic leather,TPU,322,green|blue,126.43,4.5,17,low_stock,,Athletic shoe with synthetic leather upper and TPU outsole; high cushioning and low arch support for a regular feel.,clarks.com; size charts: nike.com/adidas.co.uk/asics.com/clarks.com
hoka-ridge-plus-lite-trail-338,HOKA,Ridge Plus Lite,Trail,Female,UK,UK 3.5-8.5,"3.5,4,4.5,5,5.5,6,6.5,7,7.5,8,8.5","5.5,6,6.5,7,7.5,8,8.5,9,9.5,10,10.5","38,39,40,40.5,41,42,43,43.5,44,45,46",22.2,26.8,Regular,8.16,10.36,regular,high,high,gore-tex membrane,lugged rubber,366,yellow|black|orange,150.7,4.2,94,in_stock,,"Built for trail days: gore-tex membrane upper, durable lugged rubber outsole, high cushion, high support, and a regular fit.",hoka.com; size charts: nike.com/adidas.co.uk/asics.com/clarks.com
asics-peak-max-trail-339,ASICS,Peak Max,Trail,Male,UK,UK 6-12,"6,6.5,7,7.5,8,8.5,9,9.5,10,10.5,11,11.5,12","7,7.5,8,8.5,9,9.5,10,10.5,11,11.5,12,12.5,13","42,43,43.5,44,45,46,46.5,47,48,49,49.5,50,51",24.4,30.1,Narrow|Regular|Wide,9.18,11.38,regular,medium,medium,gore-tex membrane,lugged rubber,399,red|tan,138.1,4.4,74,low_stock,,"Built for trail days: gore-tex membrane upper, durable lugged rubber outsole, medium cushion, medium support, and a regular fit.",asics.com; size charts: nike.com/adidas.co.uk/asics.com/clarks.com
new-balance-monk-max-formal-340,New Balance,Monk Max,Formal,Female,UK,UK 3-8.5,"3,3.5,4,4.5,5,5.5,6,6.5,7,7.5,8,8.5","5,5.5,6,6.5,7,7.5,8,8.5,9,9.5,10,10.5","37.5,38,39,40,40.5,41,42,43,43.5,44,45,46",21.6,27,Regular,8.09,10.29,regular,medium,high,suede leather,leather,394,orange|green|white|black,132.38,3.9,293,out_of_stock,,Formal shoe with suede leather upper and leather outsole; medium cushioning and high arch support for a regular feel.,newbalance.com; size charts: nike.com/adidas.co.uk/asics.com/clarks.com
merrell-charge-ii-athletic-341,Merrell,Charge II,Athletic,Female,UK,UK 3-8,"3,3.5,4,4.5,5,5.5,6,6.5,7,7.5,8","5,5.5,6,6.5,7,7.5,8,8.5,9,9.5,10","37.5,38,39,40,40.5,41,42,43,43.5,44,45",21.7,26.4,Narrow|Regular,8,9.3,regular,high,medium,knit,rubber,259,red|beige|black|brown,63.41,4.1,106,out_of_stock,,"Merrell athletic footwear featuring knit, rubber, high cushioning, medium arch support, and a regular profile.",merrell.com; size charts: nike.com/adidas.co.uk/asics.com/clarks.com
saucony-grit-prime-trail-342,Saucony,Grit Prime,Trail,Male,UK,UK 6.5-11.5,"6.5,7,7.5,8,8.5,9,9.5,10,10.5,11,11.5","7.5,8,8.5,9,9.5,10,10.5,11,11.5,12,12.5","43,43.5,44,45,46,46.5,47,48,49,49.5,50",24.8,29.4,Regular,9.13,11.33,snug,high,low,ripstop mesh,sticky rubber,382,white|green,162.3,4.3,90,in_stock,,"Saucony trail footwear featuring ripstop mesh, sticky rubber, high cushioning, low arch support, and a snug profile.",saucony.com; size charts: nike.com/adidas.co.uk/asics.com/clarks.com
salomon-chelsea-elite-formal-343,Salomon,Chelsea Elite,Formal,Unisex,UK,UK 3-12,"3,3.5,4,4.5,5,5.5,6,6.5,7,7.5,8,8.5,9,9.5,10,10.5,11,11.5,12","4,4.5,5,5.5,6,6.5,7,7.5,8,8.5,9,9.5,10,10.5,11,11.5,12,12.5,13","37.5,38,39,40,40.5,41,42,43,43.5,44,45,46,46.5,47,48,49,49.5,50,51",21.8,30.1,Regular,8.7,10.9,roomy,low,medium,full-grain leather,rubber,384,black|grey,140.05,4.9,145,in_stock,,"Salomon formal footwear featuring full-grain leather, rubber, low cushioning, medium arch support, and a roomy profile.",salomon.com; size charts: nike.com/adidas.co.uk/asics.com/clarks.com
merrell-dress-4-formal-344,Merrell,Dress 4,Formal,Female,UK,UK 3.5-8.5,"3.5,4,4.5,5,5.5,6,6.5,7,7.5,8,8.5","5.5,6,6.5,7,7.5,8,8.5,9,9.5,10,10.5","38,39,40,40.5,41,42,43,43.5,44,45,46",22.1,26.8,Narrow|Regular|Wide,8.15,10.35,snug,medium,medium,full-grain leather,leather,476,tan|orange|grey,141.26,4,35,in_stock,,Formal shoe with full-grain leather upper and leather outsole; medium cushioning and medium arch support for a snug feel.,merrell.com; size charts: nike.com/adidas.co.uk/asics.com/clarks.com
timberland-ridge-ii-trail-345,Timberland,Ridge II,Trail,Male,UK,UK 6-12,"6,6.5,7,7.5,8,8.5,9,9.5,10,10.5,11,11.5,12","7,7.5,8,8.5,9,9.5,10,10.5,11,11.5,12,12.5,13","42,43,43.5,44,45,46,46.5,47,48,49,49.5,50,51",24.4,30.1,Regular|Wide,9.88,11.38,regular,medium,low,synthetic mesh,Vibram-style rubber,406,navy|red|beige,157.32,4.3,48,in_stock,,"Timberland trail footwear featuring synthetic mesh, Vibram-style rubber, medium cushioning, low arch support, and a regular profile.",timberland.com; size charts: nike.com/adidas.co.uk/asics.com/clarks.com
saucony-outback-ii-gt-trail-346,Saucony,Outback II GT,Trail,Unisex,UK,UK 3.5-12,"3.5,4,4.5,5,5.5,6,6.5,7,7.5,8,8.5,9,9.5,10,10.5,11,11.5,12","4.5,5,5.5,6,6.5,7,7.5,8,8.5,9,9.5,10,10.5,11,11.5,12,12.5,13","38,39,40,40.5,41,42,43,43.5,44,45,46,46.5,47,48,49,49.5,50,51",22.2,30,Regular,8.76,10.96,regular,high,high,synthetic mesh,lugged rubber,340,brown|black,136.8,4.1,54,in_stock,,"Built for trail days: synthetic mesh upper, durable lugged rubber outsole, high cushion, high support, and a regular fit.",saucony.com; size charts: nike.com/adidas.co.uk/asics.com/clarks.com
merrell-stride-plus-running-347,Merrell,Stride Plus,Running,Female,UK,UK 3.5-8.5,"3.5,4,4.5,5,5.5,6,6.5,7,7.5,8,8.5","5.5,6,6.5,7,7.5,8,8.5,9,9.5,10,10.5","38,39,40,40.5,41,42,43,43.5,44,45,46",22.1,26.8,Narrow|Regular|Wide,8.15,10.35,snug,medium,medium,engineered mesh,blown rubber,223,beige|pink|orange,155.73,4.5,16,in_stock,,"Merrell running footwear featuring engineered mesh, blown rubber, medium cushioning, medium arch support, and a snug profile.",merrell.com; size charts: nike.com/adidas.co.uk/asics.com/clarks.com
brooks-grit-5-lite-trail-348,Brooks,Grit 5 Lite,Trail,Unisex,UK,UK 3.5-12,"3.5,4,4.5,5,5.5,6,6.5,7,7.5,8,8.5,9,9.5,10,10.5,11,11.5,12","4.5,5,5.5,6,6.5,7,7.5,8,8.5,9,9.5,10,10.5,11,11.5,12,12.5,13","38,39,40,40.5,41,42,43,43.5,44,45,46,46.5,47,48,49,49.5,50,51",22.1,30.1,Regular,8.76,10.96,regular,high,medium,ripstop mesh,lugged rubber,364,grey|beige|tan,147.72,4.2,39,low_stock,,Trail shoe with ripstop mesh upper and lugged rubber outsole; high cushioning and medium arch support for a regular feel.,brooksrunning.com; size charts: nike.com/adidas.co.uk/asics.com/clarks.com
nike-dress-5-formal-349,Nike,Dress 5,Formal,Unisex,UK,UK 3.5-12,"3.5,4,4.5,5,5.5,6,6.5,7,7.5,8,8.5,9,9.5,10,10.5,11,11.5,12","4.5,5,5.5,6,6.5,7,7.5,8,8.5,9,9.5,10,10.5,11,11.5,12,12.5,13","38,39,40,40.5,41,42,43,43.5,44,45,46,46.5,47,48,49,49.5,50,51",22.3,30.1,Regular,8.79,10.99,roomy,medium,low,full-grain leather,leather,420,tan|red|blue,124.69,3.9,62,low_stock,,"Nike formal footwear featuring full-grain leather, leather, medium cushioning, low arch support, and a roomy profile.",nike.com; size charts: nike.com/adidas.co.uk/asics.com/clarks.com
new-balance-nimbus-6-air-running-350,New Balance,Nimbus 6 Air,Running,Unisex,UK,UK 3-12,"3,3.5,4,4.5,5,5.5,6,6.5,7,7.5,8,8.5,9,9.5,10,10.5,11,11.5,12","4,4.5,5,5.5,6,6.5,7,7.5,8,8.5,9,9.5,10,10.5,11,11.5,12,12.5,13","37.5,38,39,40,40.5,41,42,43,43.5,44,45,46,46.5,47,48,49,49.5,50,51",21.6,30.1,Narrow,8.66,9.36,roomy,medium,high,engineered mesh,blown rubber,267,brown|white,123.05,4.8,198,in_stock,,"New Balance running footwear featuring engineered mesh, blown rubber, medium cushioning, high arch support, and a roomy profile.",newbalance.com; size charts: nike.com/adidas.co.uk/asics.com/clarks.com
hoka-pro-6-athletic-351,HOKA,Pro 6,Athletic,Female,UK,UK 3-8.5,"3,3.5,4,4.5,5,5.5,6,6.5,7,7.5,8,8.5","5,5.5,6,6.5,7,7.5,8,8.5,9,9.5,10,10.5","37.5,38,39,40,40.5,41,42,43,43.5,44,45,46",21.7,26.9,Narrow|Regular|Wide,8.09,10.29,roomy,medium,medium,synthetic mesh,rubber,295,blue|red|brown|grey,96.93,4.3,99,in_stock,,Athletic shoe with synthetic mesh upper and rubber outsole; medium cushioning and medium arch support for a roomy feel.,hoka.com; size charts: nike.com/adidas.co.uk/asics.com/clarks.com
puma-cross-7-athletic-352,PUMA,Cross 7,Athletic,Female,UK,UK 3-8.5,"3,3.5,4,4.5,5,5.5,6,6.5,7,7.5,8,8.5","5,5.5,6,6.5,7,7.5,8,8.5,9,9.5,10,10.5","37.5,38,39,40,40.5,41,42,43,43.5,44,45,46",21.6,26.9,Regular,8.07,10.27,regular,high,high,knit,rubber,252,grey|purple|black|brown,97.5,3.8,56,in_stock,,Athletic shoe with knit upper and rubber outsole; high cushioning and high arch support for a regular feel.,puma.com; size charts: nike.com/adidas.co.uk/asics.com/clarks.com
saucony-swift-elite-lite-running-353,Saucony,Swift Elite Lite,Running,Male,UK,UK 6-12,"6,6.5,7,7.5,8,8.5,9,9.5,10,10.5,11,11.5,12","7,7.5,8,8.5,9,9.5,10,10.5,11,11.5,12,12.5,13","42,43,43.5,44,45,46,46.5,47,48,49,49.5,50,51",24.2,29.9,Regular|Wide,9.81,11.31,regular,high,medium,knit mesh,carbon rubber,234,orange|pink|brown|red,136.2,4.8,74,out_of_stock,,"Saucony running footwear featuring knit mesh, carbon rubber, high cushioning, medium arch support, and a regular profile.",saucony.com; size charts: nike.com/adidas.co.uk/asics.com/clarks.com
puma-outback-5-trail-354,PUMA,Outback 5,Trail,Female,UK,UK 3-8.5,"3,3.5,4,4.5,5,5.5,6,6.5,7,7.5,8,8.5","5,5.5,6,6.5,7,7.5,8,8.5,9,9.5,10,10.5","37.5,38,39,40,40.5,41,42,43,43.5,44,45,46",21.7,27.1,Narrow|Regular,8.13,9.43,regular,medium,medium,ripstop mesh,Vibram-style rubber,306,green|pink|purple,171.2,4.7,19,in_stock,,Trail shoe with ripstop mesh upper and Vibram-style rubber outsole; medium cushioning and medium arch support for a regular feel.,puma.com; size charts: nike.com/adidas.co.uk/asics.com/clarks.com
asics-charge-6-pro-athletic-355,ASICS,Charge 6 Pro,Athletic,Female,UK,UK 3.5-8.5,"3.5,4,4.5,5,5.5,6,6.5,7,7.5,8,8.5","5.5,6,6.5,7,7.5,8,8.5,9,9.5,10,10.5","38,39,40,40.5,41,42,43,43.5,44,45,46",22.3,27.1,Regular,8.24,10.44,regular,high,medium,knit,TPU,285,pink|black,128.54,4,109,in_stock,,"ASICS athletic footwear featuring knit, TPU, high cushioning, medium arch support, and a regular profile.",asics.com; size charts: nike.com/adidas.co.uk/asics.com/clarks.com
new-balance-outback-plus-air-trail-356,New Balance,Outback Plus Air,Trail,Male,UK,UK 6-12,"6,6.5,7,7.5,8,8.5,9,9.5,10,10.5,11,11.5,12","7,7.5,8,8.5,9,9.5,10,10.5,11,11.5,12,12.5,13","42,43,43.5,44,45,46,46.5,47,48,49,49.5,50,51",24.4,29.9,Regular|Wide,9.85,11.35,regular,high,high,gore-tex membrane,Vibram-style rubber,321,blue|red|purple,180.56,4.3,63,in_stock,,"New Balance trail footwear featuring gore-tex membrane, Vibram-style rubber, high cushioning, high arch support, and a regular profile.",newbalance.com; size charts: nike.com/adidas.co.uk/asics.com/clarks.com
clarks-chelsea-8-formal-357,Clarks,Chelsea 8,Formal,Female,UK,UK 3-8.5,"3,3.5,4,4.5,5,5.5,6,6.5,7,7.5,8,8.5","5,5.5,6,6.5,7,7.5,8,8.5,9,9.5,10,10.5","37.5,38,39,40,40.5,41,42,43,43.5,44,45,46",21.6,26.8,Narrow|Regular|Wide,8.05,10.25,roomy,medium,medium,patent leather,TPU,374,beige|brown|purple|green,125.39,4.2,42,in_stock,,"Clarks formal footwear featuring patent leather, TPU, medium cushioning, medium arch support, and a roomy profile.",clarks.com; size charts: nike.com/adidas.co.uk/asics.com/clarks.com
merrell-terra-x-trail-358,Merrell,Terra X,Trail,Unisex,UK,UK 3-12,"3,3.5,4,4.5,5,5.5,6,6.5,7,7.5,8,8.5,9,9.5,10,10.5,11,11.5,12","4,4.5,5,5.5,6,6.5,7,7.5,8,8.5,9,9.5,10,10.5,11,11.5,12,12.5,13","37.5,38,39,40,40.5,41,42,43,43.5,44,45,46,46.5,47,48,49,49.5,50,51",21.7,30,Narrow,8.66,9.36,regular,medium,medium,synthetic mesh,sticky rubber,339,pink|grey,166.02,3.9,240,out_of_stock,,"Built for trail days: synthetic mesh upper, durable sticky rubber outsole, medium cushion, medium support, and a regular fit.",merrell.com; size charts: nike.com/adidas.co.uk/asics.com/clarks.com
new-balance-glide-i-air-running-359,New Balance,Glide I Air,Running,Male,UK,UK 6.5-12,"6.5,7,7.5,8,8.5,9,9.5,10,10.5,11,11.5,12","7.5,8,8.5,9,9.5,10,10.5,11,11.5,12,12.5,13","43,43.5,44,45,46,46.5,47,48,49,49.5,50,51",24.7,29.9,Narrow|Regular|Wide,9.2,11.4,regular,medium,low,engineered mesh,rubber,308,black|red|purple|navy,122.16,4.2,41,low_stock,,Running shoe with engineered mesh upper and rubber outsole; medium cushioning and low arch support for a regular feel.,newbalance.com; size charts: nike.com/adidas.co.uk/asics.com/clarks.com
adidas-traverse-ii-trail-360,Adidas,Traverse II,Trail,Female,UK,UK 3.5-8.5,"3.5,4,4.5,5,5.5,6,6.5,7,7.5,8,8.5","5.5,6,6.5,7,7.5,8,8.5,9,9.5,10,10.5","38,39,40,40.5,41,42,43,43.5,44,45,46",22,27.1,Regular,8.18,10.38,regular,medium,medium,gore-tex membrane,Vibram-style rubber,336,purple|tan|orange|yellow,178.48,4.5,12,low_stock,,"Adidas trail footwear featuring gore-tex membrane, Vibram-style rubber, medium cushioning, medium arch support, and a regular profile.",adidas.co.uk; size charts: nike.com/adidas.co.uk/asics.com/clarks.com
saucony-outback-x-trail-361,Saucony,Outback X,Trail,Male,UK,UK 6-11.5,"6,6.5,7,7.5,8,8.5,9,9.5,10,10.5,11,11.5","7,7.5,8,8.5,9,9.5,10,10.5,11,11.5,12,12.5","42,43,43.5,44,45,46,46.5,47,48,49,49.5,50",24.3,29.7,Wide,10.29,11.29,regular,medium,high,gore-tex membrane,lugged rubber,283,brown|orange|white,177.75,4.3,68,in_stock,,"Saucony trail footwear featuring gore-tex membrane, lugged rubber, medium cushioning, high arch support, and a regular profile.",saucony.com; size charts: nike.com/adidas.co.uk/asics.com/clarks.com
clarks-ridge-8-trail-362,Clarks,Ridge 8,Trail,Female,UK,UK 3-8.5,"3,3.5,4,4.5,5,5.5,6,6.5,7,7.5,8,8.5","5,5.5,6,6.5,7,7.5,8,8.5,9,9.5,10,10.5","37.5,38,39,40,40.5,41,42,43,43.5,44,45,46",21.7,27,Narrow,8.11,8.81,regular,medium,high,gore-tex membrane,sticky rubber,329,purple|brown,143.06,4.6,33,in_stock,,Trail shoe with gore-tex membrane upper and sticky rubber outsole; medium cushioning and high arch support for a regular feel.,clarks.com; size charts: nike.com/adidas.co.uk/asics.com/clarks.com
vans-traverse-iii-trail-363,Vans,Traverse III,Trail,Male,UK,UK 6-11.5,"6,6.5,7,7.5,8,8.5,9,9.5,10,10.5,11,11.5","7,7.5,8,8.5,9,9.5,10,10.5,11,11.5,12,12.5","42,43,43.5,44,45,46,46.5,47,48,49,49.5,50",24.3,29.4,Narrow,9.03,9.73,regular,medium,low,ripstop mesh,lugged rubber,357,green|orange|grey,128.42,4,22,in_stock,,Trail shoe with ripstop mesh upper and lugged rubber outsole; medium cushioning and low arch support for a regular feel.,vans.com; size charts: nike.com/adidas.co.uk/asics.com/clarks.com
adidas-loafer-i-lite-formal-364,Adidas,Loafer I Lite,Formal,Male,UK,UK 6.5-12,"6.5,7,7.5,8,8.5,9,9.5,10,10.5,11,11.5,12","7.5,8,8.5,9,9.5,10,10.5,11,11.5,12,12.5,13","43,43.5,44,45,46,46.5,47,48,49,49.5,50,51",24.8,29.9,Regular,9.22,11.42,roomy,low,low,suede leather,TPU,374,tan|brown|purple,181.37,4.3,105,out_of_stock,,"Built for formal days: suede leather upper, durable TPU outsole, low cushion, low support, and a roomy fit.",adidas.co.uk; size charts: nike.com/adidas.co.uk/asics.com/clarks.com
asics-summit-6-trail-365,ASICS,Summit 6,Trail,Male,UK,UK 6-12,"6,6.5,7,7.5,8,8.5,9,9.5,10,10.5,11,11.5,12","7,7.5,8,8.5,9,9.5,10,10.5,11,11.5,12,12.5,13","42,43,43.5,44,45,46,46.5,47,48,49,49.5,50,51",24.4,30.1,Regular|Wide,9.88,11.38,regular,medium,high,synthetic mesh,Vibram-style rubber,349,tan|white|orange|brown,164.23,3.6,43,low_stock,,Trail shoe with synthetic mesh upper and Vibram-style rubber outsole; medium cushioning and high arch support for a regular feel.,asics.com; size charts: nike.com/adidas.co.uk/asics.com/clarks.com
skechers-lift-x-athletic-366,Skechers,Lift X,Athletic,Unisex,UK,UK 3-12,"3,3.5,4,4.5,5,5.5,6,6.5,7,7.5,8,8.5,9,9.5,10,10.5,11,11.5,12","4,4.5,5,5.5,6,6.5,7,7.5,8,8.5,9,9.5,10,10.5,11,11.5,12,12.5,13","37.5,38,39,40,40.5,41,42,43,43.5,44,45,46,46.5,47,48,49,49.5,50,51",21.9,30,Narrow|Regular,8.7,10,regular,high,low,knit,non-marking rubber,250,yellow|orange|green,111.82,4,45,low_stock,,"Skechers athletic footwear featuring knit, non-marking rubber, high cushioning, low arch support, and a regular profile.",skechers.com; size charts: nike.com/adidas.co.uk/asics.com/clarks.com
timberland-glide-5-running-367,Timberland,Glide 5,Running,Male,UK,UK 6-11.5,"6,6.5,7,7.5,8,8.5,9,9.5,10,10.5,11,11.5","7,7.5,8,8.5,9,9.5,10,10.5,11,11.5,12,12.5","42,43,43.5,44,45,46,46.5,47,48,49,49.5,50",24.4,29.6,Narrow|Regular,9.09,10.39,regular,high,high,engineered mesh,blown rubber,334,orange|blue|yellow,123.82,4.4,15,out_of_stock,,Running shoe with engineered mesh upper and blown rubber outsole; high cushioning and high arch support for a regular feel.,timberland.com; size charts: nike.com/adidas.co.uk/asics.com/clarks.com
vans-wingtip-max-formal-368,Vans,Wingtip Max,Formal,Male,UK,UK 6.5-12,"6.5,7,7.5,8,8.5,9,9.5,10,10.5,11,11.5,12","7.5,8,8.5,9,9.5,10,10.5,11,11.5,12,12.5,13","43,43.5,44,45,46,46.5,47,48,49,49.5,50,51",24.6,29.9,Wide,10.38,11.38,regular,low,low,full-grain leather,rubber,409,purple|green|brown|white,119.18,4.3,34,in_stock,,Formal shoe with full-grain leather upper and rubber outsole; low cushioning and low arch support for a regular feel.,vans.com; size charts: nike.com/adidas.co.uk/asics.com/clarks.com
converse-peak-prime-trail-369,Converse,Peak Prime,Trail,Unisex,UK,UK 3.5-12,"3.5,4,4.5,5,5.5,6,6.5,7,7.5,8,8.5,9,9.5,10,10.5,11,11.5,12","4.5,5,5.5,6,6.5,7,7.5,8,8.5,9,9.5,10,10.5,11,11.5,12,12.5,13","38,39,40,40.5,41,42,43,43.5,44,45,46,46.5,47,48,49,49.5,50,51",22.3,30.1,Regular|Wide,9.49,10.99,snug,medium,high,synthetic mesh,lugged rubber,372,pink|black|red,165.08,4.7,37,in_stock,,"Converse trail footwear featuring synthetic mesh, lugged rubber, medium cushioning, high arch support, and a snug profile.",converse.com; size charts: nike.com/adidas.co.uk/asics.com/clarks.com
skechers-retro-max-casual-370,Skechers,Retro Max,Casual,Unisex,UK,UK 3.5-12,"3.5,4,4.5,5,5.5,6,6.5,7,7.5,8,8.5,9,9.5,10,10.5,11,11.5,12","4.5,5,5.5,6,6.5,7,7.5,8,8.5,9,9.5,10,10.5,11,11.5,12,12.5,13","38,39,40,40.5,41,42,43,43.5,44,45,46,46.5,47,48,49,49.5,50,51",22.2,30.1,Regular|Wide,9.48,10.98,snug,low,high,synthetic leather,rubber,347,beige|brown|tan,82.76,4.4,70,in_stock,,"Skechers casual footwear featuring synthetic leather, rubber, low cushioning, high arch support, and a snug profile.",skechers.com; size charts: nike.com/adidas.co.uk/asics.com/clarks.com
reebok-swift-elite-running-371,Reebok,Swift Elite,Running,Female,UK,UK 3-8.5,"3,3.5,4,4.5,5,5.5,6,6.5,7,7.5,8,8.5","5,5.5,6,6.5,7,7.5,8,8.5,9,9.5,10,10.5","37.5,38,39,40,40.5,41,42,43,43.5,44,45,46",21.8,27,Narrow|Regular|Wide,8.13,10.33,regular,high,low,synthetic mesh,rubber,276,orange|brown|tan,114.75,4.2,77,out_of_stock,,"Built for running days: synthetic mesh upper, durable rubber outsole, high cushion, low support, and a regular fit.",reebok.com; size charts: nike.com/adidas.co.uk/asics.com/clarks.com
saucony-ridge-plus-gt-trail-372,Saucony,Ridge Plus GT,Trail,Male,UK,UK 6-12,"6,6.5,7,7.5,8,8.5,9,9.5,10,10.5,11,11.5,12","7,7.5,8,8.5,9,9.5,10,10.5,11,11.5,12,12.5,13","42,43,43.5,44,45,46,46.5,47,48,49,49.5,50,51",24.4,30.1,Narrow|Regular,9.18,10.48,regular,medium,medium,synthetic mesh,sticky rubber,362,green|navy,157.5,4.8,57,in_stock,,"Built for trail days: synthetic mesh upper, durable sticky rubber outsole, medium cushion, medium support, and a regular fit.",saucony.com; size charts: nike.com/adidas.co.uk/asics.com/clarks.com
asics-urban-9-casual-373,ASICS,Urban 9,Casual,Male,UK,UK 6.5-11.5,"6.5,7,7.5,8,8.5,9,9.5,10,10.5,11,11.5","7.5,8,8.5,9,9.5,10,10.5,11,11.5,12,12.5","43,43.5,44,45,46,46.5,47,48,49,49.5,50",24.9,29.6,Narrow|Regular|Wide,9.18,11.38,regular,low,high,leather,gum rubber,345,white|tan|navy,87.65,3.8,88,low_stock,,Casual shoe with leather upper and gum rubber outsole; low cushioning and high arch support for a regular feel.,asics.com; size charts: nike.com/adidas.co.uk/asics.com/clarks.com
hoka-swift-9-pro-running-374,HOKA,Swift 9 Pro,Running,Female,UK,UK 3-8.5,"3,3.5,4,4.5,5,5.5,6,6.5,7,7.5,8,8.5","5,5.5,6,6.5,7,7.5,8,8.5,9,9.5,10,10.5","37.5,38,39,40,40.5,41,42,43,43.5,44,45,46",21.6,27.1,Regular,8.11,10.31,roomy,high,high,engineered mesh,carbon rubber,268,red|beige,136.22,4.4,38,in_stock,,"Built for running days: engineered mesh upper, durable carbon rubber outsole, high cushion, high support, and a roomy fit.",hoka.com; size charts: nike.com/adidas.co.uk/asics.com/clarks.com
brooks-zoom-x-runner-running-375,Brooks,Zoom X Runner,Running,Female,UK,UK 3-8.5,"3,3.5,4,4.5,5,5.5,6,6.5,7,7.5,8,8.5","5,5.5,6,6.5,7,7.5,8,8.5,9,9.5,10,10.5","37.5,38,39,40,40.5,41,42,43,43.5,44,45,46",21.6,27.1,Regular,8.11,10.31,regular,medium,medium,synthetic mesh,blown rubber,243,blue|orange,126.04,4.3,16,in_stock,,Running shoe with synthetic mesh upper and blown rubber outsole; medium cushioning and medium arch support for a regular feel.,brooksrunning.com; size charts: nike.com/adidas.co.uk/asics.com/clarks.com
asics-charge-prime-boost-athletic-376,ASICS,Charge Prime Boost,Athletic,Female,UK,UK 3-8.5,"3,3.5,4,4.5,5,5.5,6,6.5,7,7.5,8,8.5","5,5.5,6,6.5,7,7.5,8,8.5,9,9.5,10,10.5","37.5,38,39,40,40.5,41,42,43,43.5,44,45,46",21.7,26.9,Regular,8.09,10.29,regular,medium,medium,synthetic mesh,rubber,297,red|beige|green,117.93,3.8,48,in_stock,,"Built for athletic days: synthetic mesh upper, durable rubber outsole, medium cushion, medium support, and a regular fit.",asics.com; size charts: nike.com/adidas.co.uk/asics.com/clarks.com
vans-wingtip-x-formal-377,Vans,Wingtip X,Formal,Male,UK,UK 6-12,"6,6.5,7,7.5,8,8.5,9,9.5,10,10.5,11,11.5,12","7,7.5,8,8.5,9,9.5,10,10.5,11,11.5,12,12.5,13","42,43,43.5,44,45,46,46.5,47,48,49,49.5,50,51",24.4,30,Narrow|Regular,9.16,10.46,roomy,medium,low,full-grain leather,TPU,340,purple|white|blue,114.35,4.8,15,in_stock,,"Vans formal footwear featuring full-grain leather, TPU, medium cushioning, low arch support, and a roomy profile.",vans.com; size charts: nike.com/adidas.co.uk/asics.com/clarks.com
vans-cross-prime-athletic-378,Vans,Cross Prime,Athletic,Female,UK,UK 3.5-8,"3.5,4,4.5,5,5.5,6,6.5,7,7.5,8","5.5,6,6.5,7,7.5,8,8.5,9,9.5,10","38,39,40,40.5,41,42,43,43.5,44,45",22.2,26.4,Regular,8.09,10.29,roomy,low,low,synthetic mesh,TPU,288,pink|navy|tan,82.51,3.8,36,in_stock,,"Vans athletic footwear featuring synthetic mesh, TPU, low cushioning, low arch support, and a roomy profile.",vans.com; size charts: nike.com/adidas.co.uk/asics.com/clarks.com
brooks-everyday-plus-pro-casual-379,Brooks,Everyday Plus Pro,Casual,Male,UK,UK 6-11.5,"6,6.5,7,7.5,8,8.5,9,9.5,10,10.5,11,11.5","7,7.5,8,8.5,9,9.5,10,10.5,11,11.5,12,12.5","42,43,43.5,44,45,46,46.5,47,48,49,49.5,50",24.5,29.5,Regular,9.09,11.29,snug,medium,medium,leather,rubber,287,navy|yellow,117.73,4.3,95,in_stock,,"Brooks casual footwear featuring leather, rubber, medium cushioning, medium arch support, and a snug profile.",brooksrunning.com; size charts: nike.com/adidas.co.uk/asics.com/clarks.com
skechers-retro-7-casual-380,Skechers,Retro 7,Casual,Male,UK,UK 6-11.5,"6,6.5,7,7.5,8,8.5,9,9.5,10,10.5,11,11.5","7,7.5,8,8.5,9,9.5,10,10.5,11,11.5,12,12.5","42,43,43.5,44,45,46,46.5,47,48,49,49.5,50",24.2,29.4,Regular|Wide,9.72,11.22,regular,medium,low,suede,gum rubber,335,navy|blue|purple|orange,76.5,4.2,15,out_of_stock,,"Skechers casual footwear featuring suede, gum rubber, medium cushioning, low arch support, and a regular profile.",skechers.com; size charts: nike.com/adidas.co.uk/asics.com/clarks.com
asics-swift-max-running-381,ASICS,Swift Max,Running,Male,UK,UK 6-12,"6,6.5,7,7.5,8,8.5,9,9.5,10,10.5,11,11.5,12","7,7.5,8,8.5,9,9.5,10,10.5,11,11.5,12,12.5,13","42,43,43.5,44,45,46,46.5,47,48,49,49.5,50,51",24.4,30,Regular,9.16,11.36,regular,high,medium,engineered mesh,blown rubber,301,yellow|brown|red,139.49,4.4,118,in_stock,,Running shoe with engineered mesh upper and blown rubber outsole; high cushioning and medium arch support for a regular feel.,asics.com; size charts: nike.com/adidas.co.uk/asics.com/clarks.com
merrell-retro-7-casual-382,Merrell,Retro 7,Casual,Female,UK,UK 3-8.5,"3,3.5,4,4.5,5,5.5,6,6.5,7,7.5,8,8.5","5,5.5,6,6.5,7,7.5,8,8.5,9,9.5,10,10.5","37.5,38,39,40,40.5,41,42,43,43.5,44,45,46",21.8,26.9,Narrow|Regular,8.11,9.41,regular,medium,medium,suede,gum rubber,345,brown|pink|tan,93.1,4,64,in_stock,,"Merrell casual footwear featuring suede, gum rubber, medium cushioning, medium arch support, and a regular profile.",merrell.com; size charts: nike.com/adidas.co.uk/asics.com/clarks.com
adidas-lo-6-runner-casual-383,Adidas,Lo 6 Runner,Casual,Male,UK,UK 6-12,"6,6.5,7,7.5,8,8.5,9,9.5,10,10.5,11,11.5,12","7,7.5,8,8.5,9,9.5,10,10.5,11,11.5,12,12.5,13","42,43,43.5,44,45,46,46.5,47,48,49,49.5,50,51",24.2,30,Narrow|Regular|Wide,9.13,11.33,roomy,medium,high,leather,gum rubber,386,grey|purple,124.58,4.3,29,in_stock,,"Built for casual days: leather upper, durable gum rubber outsole, medium cushion, high support, and a roomy fit.",adidas.co.uk; size charts: nike.com/adidas.co.uk/asics.com/clarks.com
vans-canyon-ii-trail-384,Vans,Canyon II,Trail,Female,UK,UK 3-8.5,"3,3.5,4,4.5,5,5.5,6,6.5,7,7.5,8,8.5","5,5.5,6,6.5,7,7.5,8,8.5,9,9.5,10,10.5","37.5,38,39,40,40.5,41,42,43,43.5,44,45,46",21.8,27,Narrow|Regular|Wide,8.13,10.33,snug,medium,medium,ripstop mesh,sticky rubber,391,red|brown,136.59,4.5,48,low_stock,,Trail shoe with ripstop mesh upper and sticky rubber outsole; medium cushioning and medium arch support for a snug feel.,vans.com; size charts: nike.com/adidas.co.uk/asics.com/clarks.com
asics-loafer-5-formal-385,ASICS,Loafer 5,Formal,Male,UK,UK 6-11.5,"6,6.5,7,7.5,8,8.5,9,9.5,10,10.5,11,11.5","7,7.5,8,8.5,9,9.5,10,10.5,11,11.5,12,12.5","42,43,43.5,44,45,46,46.5,47,48,49,49.5,50",24.4,29.5,Narrow|Regular|Wide,9.07,11.27,roomy,medium,medium,suede leather,TPU,393,yellow|purple|pink,136.75,4.1,58,in_stock,,"Built for formal days: suede leather upper, durable TPU outsole, medium cushion, medium support, and a roomy fit.",asics.com; size charts: nike.com/adidas.co.uk/asics.com/clarks.com
brooks-edge-6-athletic-386,Brooks,Edge 6,Athletic,Female,UK,UK 3-8.5,"3,3.5,4,4.5,5,5.5,6,6.5,7,7.5,8,8.5","5,5.5,6,6.5,7,7.5,8,8.5,9,9.5,10,10.5","37.5,38,39,40,40.5,41,42,43,43.5,44,45,46",21.7,27.1,Wide,9.33,10.33,roomy,medium,medium,synthetic mesh,non-marking rubber,252,brown|beige|yellow,128.03,4.2,79,low_stock,,"Built for athletic days: synthetic mesh upper, durable non-marking rubber outsole, medium cushion, medium support, and a roomy fit.",brooksrunning.com; size charts: nike.com/adidas.co.uk/asics.com/clarks.com
clarks-trailblazer-prime-trail-387,Clarks,Trailblazer Prime,Trail,Female,UK,UK 3-8.5,"3,3.5,4,4.5,5,5.5,6,6.5,7,7.5,8,8.5","5,5.5,6,6.5,7,7.5,8,8.5,9,9.5,10,10.5","37.5,38,39,40,40.5,41,42,43,43.5,44,45,46",21.7,27.1,Narrow|Regular|Wide,8.13,10.33,snug,high,medium,gore-tex membrane,lugged rubber,360,purple|orange|blue|pink,111.56,4.3,43,in_stock,,"Clarks trail footwear featuring gore-tex membrane, lugged rubber, high cushioning, medium arch support, and a snug profile.",clarks.com; size charts: nike.com/adidas.co.uk/asics.com/clarks.com
timberland-derby-6-formal-388,Timberland,Derby 6,Formal,Female,UK,UK 3-8.5,"3,3.5,4,4.5,5,5.5,6,6.5,7,7.5,8,8.5","5,5.5,6,6.5,7,7.5,8,8.5,9,9.5,10,10.5","37.5,38,39,40,40.5,41,42,43,43.5,44,45,46",21.8,27.1,Narrow|Regular|Wide,8.15,10.35,regular,medium,medium,patent leather,rubber,359,green|white|brown,119.95,3.7,86,in_stock,,"Timberland formal footwear featuring patent leather, rubber, medium cushioning, medium arch support, and a regular profile.",timberland.com; size charts: nike.com/adidas.co.uk/asics.com/clarks.com
hoka-captoe-9-air-formal-389,HOKA,Captoe 9 Air,Formal,Male,UK,UK 6-12,"6,6.5,7,7.5,8,8.5,9,9.5,10,10.5,11,11.5,12","7,7.5,8,8.5,9,9.5,10,10.5,11,11.5,12,12.5,13","42,43,43.5,44,45,46,46.5,47,48,49,49.5,50,51",24.5,30.1,Regular,9.2,11.4,snug,low,high,patent leather,leather,433,red|orange|brown,138.91,3.8,75,in_stock,,"Built for formal days: patent leather upper, durable leather outsole, low cushion, high support, and a snug fit.",hoka.com; size charts: nike.com/adidas.co.uk/asics.com/clarks.com
brooks-canvas-5-premium-casual-390,Brooks,Canvas 5 Premium,Casual,Unisex,UK,UK 3-12,"3,3.5,4,4.5,5,5.5,6,6.5,7,7.5,8,8.5,9,9.5,10,10.5,11,11.5,12","4,4.5,5,5.5,6,6.5,7,7.5,8,8.5,9,9.5,10,10.5,11,11.5,12,12.5,13","37.5,38,39,40,40.5,41,42,43,43.5,44,45,46,46.5,47,48,49,49.5,50,51",21.7,29.9,Wide,9.85,10.85,roomy,low,low,synthetic leather,cupsole rubber,291,grey|beige|purple|red,120.76,3.8,66,in_stock,,"Built for casual days: synthetic leather upper, durable cupsole rubber outsole, low cushion, low support, and a roomy fit.",brooksrunning.com; size charts: nike.com/adidas.co.uk/asics.com/clarks.com
asics-trailblazer-8-trail-391,ASICS,Trailblazer 8,Trail,Female,UK,UK 3-8,"3,3.5,4,4.5,5,5.5,6,6.5,7,7.5,8","5,5.5,6,6.5,7,7.5,8,8.5,9,9.5,10","37.5,38,39,40,40.5,41,42,43,43.5,44,45",21.6,26.7,Regular,8.04,10.24,regular,high,medium,synthetic mesh,sticky rubber,311,green|beige|grey,170.13,4.4,103,in_stock,,"ASICS trail footwear featuring synthetic mesh, sticky rubber, high cushioning, medium arch support, and a regular profile.",asics.com; size charts: nike.com/adidas.co.uk/asics.com/clarks.com
reebok-flex-prime-athletic-392,Reebok,Flex Prime,Athletic,Male,UK,UK 6-12,"6,6.5,7,7.5,8,8.5,9,9.5,10,10.5,11,11.5,12","7,7.5,8,8.5,9,9.5,10,10.5,11,11.5,12,12.5,13","42,43,43.5,44,45,46,46.5,47,48,49,49.5,50,51",24.2,29.9,Narrow|Regular,9.11,10.41,regular,high,low,synthetic leather,TPU,302,tan|green|brown,114.86,3.7,79,out_of_stock,,Athletic shoe with synthetic leather upper and TPU outsole; high cushioning and low arch support for a regular feel.,reebok.com; size charts: nike.com/adidas.co.uk/asics.com/clarks.com
vans-summit-6-trail-393,Vans,Summit 6,Trail,Female,UK,UK 3.5-8.5,"3.5,4,4.5,5,5.5,6,6.5,7,7.5,8,8.5","5.5,6,6.5,7,7.5,8,8.5,9,9.5,10,10.5","38,39,40,40.5,41,42,43,43.5,44,45,46",22.2,27,Narrow|Regular|Wide,8.2,10.4,regular,high,medium,gore-tex membrane,sticky rubber,325,green|black|purple,146.68,4.4,29,in_stock,,"Vans trail footwear featuring gore-tex membrane, sticky rubber, high cushioning, medium arch support, and a regular profile.",vans.com; size charts: nike.com/adidas.co.uk/asics.com/clarks.com
hoka-ridge-max-boost-trail-394,HOKA,Ridge Max Boost,Trail,Female,UK,UK 3-8.5,"3,3.5,4,4.5,5,5.5,6,6.5,7,7.5,8,8.5","5,5.5,6,6.5,7,7.5,8,8.5,9,9.5,10,10.5","37.5,38,39,40,40.5,41,42,43,43.5,44,45,46",21.7,27,Regular,8.11,10.31,regular,low,high,gore-tex membrane,lugged rubber,330,red|white|brown,143.86,3.9,55,in_stock,,"Built for trail days: gore-tex membrane upper, durable lugged rubber outsole, low cushion, high support, and a regular fit.",hoka.com; size charts: nike.com/adidas.co.uk/asics.com/clarks.com
reebok-skate-prime-casual-395,Reebok,Skate Prime,Casual,Female,UK,UK 3-8.5,"3,3.5,4,4.5,5,5.5,6,6.5,7,7.5,8,8.5","5,5.5,6,6.5,7,7.5,8,8.5,9,9.5,10,10.5","37.5,38,39,40,40.5,41,42,43,43.5,44,45,46",21.7,27.1,Narrow|Regular,8.13,9.43,regular,medium,high,synthetic leather,cupsole rubber,313,tan|black|beige,92.49,4.2,58,in_stock,,Casual shoe with synthetic leather upper and cupsole rubber outsole; medium cushioning and high arch support for a regular feel.,reebok.com; size charts: nike.com/adidas.co.uk/asics.com/clarks.com
skechers-captoe-6-formal-396,Skechers,Captoe 6,Formal,Unisex,UK,UK 3-12,"3,3.5,4,4.5,5,5.5,6,6.5,7,7.5,8,8.5,9,9.5,10,10.5,11,11.5,12","4,4.5,5,5.5,6,6.5,7,7.5,8,8.5,9,9.5,10,10.5,11,11.5,12,12.5,13","37.5,38,39,40,40.5,41,42,43,43.5,44,45,46,46.5,47,48,49,49.5,50,51",21.9,29.9,Narrow|Regular|Wide,8.68,10.88,roomy,medium,low,full-grain leather,TPU,416,pink|grey|black,129.92,4.4,46,in_stock,,"Skechers formal footwear featuring full-grain leather, TPU, medium cushioning, low arch support, and a roomy profile.",skechers.com; size charts: nike.com/adidas.co.uk/asics.com/clarks.com
clarks-lift-7-athletic-397,Clarks,Lift 7,Athletic,Male,UK,UK 6-12,"6,6.5,7,7.5,8,8.5,9,9.5,10,10.5,11,11.5,12","7,7.5,8,8.5,9,9.5,10,10.5,11,11.5,12,12.5,13","42,43,43.5,44,45,46,46.5,47,48,49,49.5,50,51",24.4,29.9,Regular,9.15,11.35,snug,medium,medium,knit,rubber,334,navy|white|orange|red,94.09,4.7,17,in_stock,,"Built for athletic days: knit upper, durable rubber outsole, medium cushion, medium support, and a snug fit.",clarks.com; size charts: nike.com/adidas.co.uk/asics.com/clarks.com
merrell-glide-ii-running-398,Merrell,Glide II,Running,Female,UK,UK 3-8,"3,3.5,4,4.5,5,5.5,6,6.5,7,7.5,8","5,5.5,6,6.5,7,7.5,8,8.5,9,9.5,10","37.5,38,39,40,40.5,41,42,43,43.5,44,45",21.6,26.6,Narrow,8.02,8.72,regular,high,high,synthetic mesh,rubber,211,grey|orange|pink,134.09,4.3,49,out_of_stock,,"Built for running days: synthetic mesh upper, durable rubber outsole, high cushion, high support, and a regular fit.",merrell.com; size charts: nike.com/adidas.co.uk/asics.com/clarks.com
nike-cross-8-premium-athletic-399,Nike,Cross 8 Premium,Athletic,Unisex,UK,UK 3-12,"3,3.5,4,4.5,5,5.5,6,6.5,7,7.5,8,8.5,9,9.5,10,10.5,11,11.5,12","4,4.5,5,5.5,6,6.5,7,7.5,8,8.5,9,9.5,10,10.5,11,11.5,12,12.5,13","37.5,38,39,40,40.5,41,42,43,43.5,44,45,46,46.5,47,48,49,49.5,50,51",21.7,30.1,Regular,8.68,10.88,regular,low,low,synthetic mesh,non-marking rubber,295,pink|green|navy,122.17,3.7,15,in_stock,,"Built for athletic days: synthetic mesh upper, durable non-marking rubber outsole, low cushion, low support, and a regular fit.",nike.com; size charts: nike.com/adidas.co.uk/asics.com/clarks.com
clarks-surge-i-running-400,Clarks,Surge I,Running,Male,UK,UK 6-11.5,"6,6.5,7,7.5,8,8.5,9,9.5,10,10.5,11,11.5","7,7.5,8,8.5,9,9.5,10,10.5,11,11.5,12,12.5","42,43,43.5,44,45,46,46.5,47,48,49,49.5,50",24.4,29.5,Narrow|Regular,9.07,10.37,snug,high,medium,knit mesh,rubber,246,yellow|pink|blue,140.25,4.2,14,in_stock,,"Clarks running footwear featuring knit mesh, rubber, high cushioning, medium arch support, and a snug profile.",clarks.com; size charts: nike.com/adidas.co.uk/asics.com/clarks.com
skechers-street-7-casual-401,Skechers,Street 7,Casual,Female,UK,UK 3-8,"3,3.5,4,4.5,5,5.5,6,6.5,7,7.5,8","5,5.5,6,6.5,7,7.5,8,8.5,9,9.5,10","37.5,38,39,40,40.5,41,42,43,43.5,44,45",21.8,26.6,Narrow|Regular|Wide,8.05,10.25,regular,high,low,suede,rubber,319,white|grey|beige,93.84,4,134,in_stock,,"Skechers casual footwear featuring suede, rubber, high cushioning, low arch support, and a regular profile.",skechers.com; size charts: nike.com/adidas.co.uk/asics.com/clarks.com
hoka-dress-x-formal-402,HOKA,Dress X,Formal,Male,UK,UK 6-12,"6,6.5,7,7.5,8,8.5,9,9.5,10,10.5,11,11.5,12","7,7.5,8,8.5,9,9.5,10,10.5,11,11.5,12,12.5,13","42,43,43.5,44,45,46,46.5,47,48,49,49.5,50,51",24.3,30,Narrow|Regular|Wide,9.15,11.35,regular,high,low,patent leather,leather,389,green|yellow|grey,175.02,3.9,55,in_stock,,Formal shoe with patent leather upper and leather outsole; high cushioning and low arch support for a regular feel.,hoka.com; size charts: nike.com/adidas.co.uk/asics.com/clarks.com
merrell-aero-plus-running-403,Merrell,Aero Plus,Running,Female,UK,UK 3-8.5,"3,3.5,4,4.5,5,5.5,6,6.5,7,7.5,8,8.5","5,5.5,6,6.5,7,7.5,8,8.5,9,9.5,10,10.5","37.5,38,39,40,40.5,41,42,43,43.5,44,45,46",21.6,27.1,Regular,8.11,10.31,snug,high,medium,knit mesh,carbon rubber,285,red|green|brown|beige,73.8,4.4,32,in_stock,,"Built for running days: knit mesh upper, durable carbon rubber outsole, high cushion, medium support, and a snug fit.",merrell.com; size charts: nike.com/adidas.co.uk/asics.com/clarks.com
clarks-street-7-casual-404,Clarks,Street 7,Casual,Unisex,UK,UK 3-12,"3,3.5,4,4.5,5,5.5,6,6.5,7,7.5,8,8.5,9,9.5,10,10.5,11,11.5,12","4,4.5,5,5.5,6,6.5,7,7.5,8,8.5,9,9.5,10,10.5,11,11.5,12,12.5,13","37.5,38,39,40,40.5,41,42,43,43.5,44,45,46,46.5,47,48,49,49.5,50,51",21.6,30.1,Regular,8.66,10.86,regular,medium,medium,leather,gum rubber,344,red|orange|beige|white,82.53,4.6,83,low_stock,,"Clarks casual footwear featuring leather, gum rubber, medium cushioning, medium arch support, and a regular profile.",clarks.com; size charts: nike.com/adidas.co.uk/asics.com/clarks.com
reebok-heritage-5-casual-405,Reebok,Heritage 5,Casual,Female,UK,UK 3.5-8,"3.5,4,4.5,5,5.5,6,6.5,7,7.5,8","5.5,6,6.5,7,7.5,8,8.5,9,9.5,10","38,39,40,40.5,41,42,43,43.5,44,45",22.2,26.5,Regular|Wide,8.81,10.31,regular,medium,high,suede,rubber,416,black|blue|orange|pink,79.32,4.7,41,in_stock,,"Reebok casual footwear featuring suede, rubber, medium cushioning, high arch support, and a regular profile.",reebok.com; size charts: nike.com/adidas.co.uk/asics.com/clarks.com
hoka-lo-9-casual-406,HOKA,Lo 9,Casual,Male,UK,UK 6-12,"6,6.5,7,7.5,8,8.5,9,9.5,10,10.5,11,11.5,12","7,7.5,8,8.5,9,9.5,10,10.5,11,11.5,12,12.5,13","42,43,43.5,44,45,46,46.5,47,48,49,49.5,50,51",24.4,29.9,Regular|Wide,9.85,11.35,regular,medium,high,canvas,cupsole rubber,364,green|grey|yellow,145.48,4.1,28,in_stock,,"Built for casual days: canvas upper, durable cupsole rubber outsole, medium cushion, high support, and a regular fit.",hoka.com; size charts: nike.com/adidas.co.uk/asics.com/clarks.com
timberland-trailblazer-9-trail-407,Timberland,Trailblazer 9,Trail,Female,UK,UK 3-8.5,"3,3.5,4,4.5,5,5.5,6,6.5,7,7.5,8,8.5","5,5.5,6,6.5,7,7.5,8,8.5,9,9.5,10,10.5","37.5,38,39,40,40.5,41,42,43,43.5,44,45,46",21.7,27.1,Narrow|Regular|Wide,8.13,10.33,snug,high,high,synthetic mesh,Vibram-style rubber,326,black|grey|tan,171.34,4.8,99,in_stock,,"Built for trail days: synthetic mesh upper, durable Vibram-style rubber outsole, high cushion, high support, and a snug fit.",timberland.com; size charts: nike.com/adidas.co.uk/asics.com/clarks.com
timberland-trailblazer-8-trail-408,Timberland,Trailblazer 8,Trail,Male,UK,UK 6.5-12,"6.5,7,7.5,8,8.5,9,9.5,10,10.5,11,11.5,12","7.5,8,8.5,9,9.5,10,10.5,11,11.5,12,12.5,13","43,43.5,44,45,46,46.5,47,48,49,49.5,50,51",24.7,29.9,Narrow|Regular|Wide,9.2,11.4,roomy,medium,high,ripstop mesh,lugged rubber,318,pink|grey,140.79,4.6,120,in_stock,,"Timberland trail footwear featuring ripstop mesh, lugged rubber, medium cushioning, high arch support, and a roomy profile.",timberland.com; size charts: nike.com/adidas.co.uk/asics.com/clarks.com
new-balance-lo-prime-lite-casual-409,New Balance,Lo Prime Lite,Casual,Male,UK,UK 6-12,"6,6.5,7,7.5,8,8.5,9,9.5,10,10.5,11,11.5,12","7,7.5,8,8.5,9,9.5,10,10.5,11,11.5,12,12.5,13","42,43,43.5,44,45,46,46.5,47,48,49,49.5,50,51",24.4,29.9,Narrow|Regular|Wide,9.15,11.35,regular,medium,medium,canvas,rubber,302,purple|black|orange,82.47,4.2,52,in_stock,,"New Balance casual footwear featuring canvas, rubber, medium cushioning, medium arch support, and a regular profile.",newbalance.com; size charts: nike.com/adidas.co.uk/asics.com/clarks.com
salomon-trailblazer-plus-trail-410,Salomon,Trailblazer Plus,Trail,Female,UK,UK 3.5-8.5,"3.5,4,4.5,5,5.5,6,6.5,7,7.5,8,8.5","5.5,6,6.5,7,7.5,8,8.5,9,9.5,10,10.5","38,39,40,40.5,41,42,43,43.5,44,45,46",22.2,27,Narrow|Regular|Wide,8.2,10.4,regular,medium,medium,synthetic mesh,sticky rubber,360,blue|yellow,158.68,4.8,38,in_stock,,Trail shoe with synthetic mesh upper and sticky rubber outsole; medium cushioning and medium arch support for a regular feel.,salomon.com; size charts: nike.com/adidas.co.uk/asics.com/clarks.com
nike-cross-max-athletic-411,Nike,Cross Max,Athletic,Male,UK,UK 6.5-12,"6.5,7,7.5,8,8.5,9,9.5,10,10.5,11,11.5,12","7.5,8,8.5,9,9.5,10,10.5,11,11.5,12,12.5,13","43,43.5,44,45,46,46.5,47,48,49,49.5,50,51",24.8,30,Regular|Wide,9.94,11.44,regular,medium,low,synthetic leather,non-marking rubber,240,orange|blue,146.01,4.4,52,out_of_stock,,"Nike athletic footwear featuring synthetic leather, non-marking rubber, medium cushioning, low arch support, and a regular profile.",nike.com; size charts: nike.com/adidas.co.uk/asics.com/clarks.com
merrell-outback-i-trail-412,Merrell,Outback I,Trail,Female,UK,UK 3-8,"3,3.5,4,4.5,5,5.5,6,6.5,7,7.5,8","5,5.5,6,6.5,7,7.5,8,8.5,9,9.5,10","37.5,38,39,40,40.5,41,42,43,43.5,44,45",21.7,26.7,Wide,9.25,10.25,roomy,high,high,gore-tex membrane,sticky rubber,349,beige|navy|pink,150.61,4.5,111,low_stock,,Trail shoe with gore-tex membrane upper and sticky rubber outsole; high cushioning and high arch support for a roomy feel.,merrell.com; size charts: nike.com/adidas.co.uk/asics.com/clarks.com
merrell-zoom-7-running-413,Merrell,Zoom 7,Running,Male,UK,UK 6-12,"6,6.5,7,7.5,8,8.5,9,9.5,10,10.5,11,11.5,12","7,7.5,8,8.5,9,9.5,10,10.5,11,11.5,12,12.5,13","42,43,43.5,44,45,46,46.5,47,48,49,49.5,50,51",24.2,30.1,Regular,9.15,11.35,regular,medium,low,synthetic mesh,blown rubber,242,white|green,120.61,3.8,89,in_stock,,"Built for running days: synthetic mesh upper, durable blown rubber outsole, medium cushion, low support, and a regular fit.",merrell.com; size charts: nike.com/adidas.co.uk/asics.com/clarks.com
skechers-chelsea-max-formal-414,Skechers,Chelsea Max,Formal,Female,UK,UK 3-8.5,"3,3.5,4,4.5,5,5.5,6,6.5,7,7.5,8,8.5","5,5.5,6,6.5,7,7.5,8,8.5,9,9.5,10,10.5","37.5,38,39,40,40.5,41,42,43,43.5,44,45,46",21.6,27,Regular,8.09,10.29,roomy,medium,medium,suede leather,TPU,369,orange|blue,112.22,4.2,61,out_of_stock,,"Skechers formal footwear featuring suede leather, TPU, medium cushioning, medium arch support, and a roomy profile.",skechers.com; size charts: nike.com/adidas.co.uk/asics.com/clarks.com
saucony-retro-9-boost-casual-415,Saucony,Retro 9 Boost,Casual,Male,UK,UK 6-11.5,"6,6.5,7,7.5,8,8.5,9,9.5,10,10.5,11,11.5","7,7.5,8,8.5,9,9.5,10,10.5,11,11.5,12,12.5","42,43,43.5,44,45,46,46.5,47,48,49,49.5,50",24.4,29.4,Regular|Wide,9.75,11.25,roomy,medium,low,leather,rubber,367,green|beige|pink,81.61,4.2,111,in_stock,,"Built for casual days: leather upper, durable rubber outsole, medium cushion, low support, and a roomy fit.",saucony.com; size charts: nike.com/adidas.co.uk/asics.com/clarks.com
vans-loafer-9-formal-416,Vans,Loafer 9,Formal,Female,UK,UK 3-8.5,"3,3.5,4,4.5,5,5.5,6,6.5,7,7.5,8,8.5","5,5.5,6,6.5,7,7.5,8,8.5,9,9.5,10,10.5","37.5,38,39,40,40.5,41,42,43,43.5,44,45,46",21.8,26.8,Narrow|Regular,8.09,9.39,regular,medium,medium,full-grain leather,rubber,415,grey|beige|red|yellow,90.7,4.6,71,in_stock,,"Vans formal footwear featuring full-grain leather, rubber, medium cushioning, medium arch support, and a regular profile.",vans.com; size charts: nike.com/adidas.co.uk/asics.com/clarks.com
new-balance-chelsea-5-formal-417,New Balance,Chelsea 5,Formal,Unisex,UK,UK 3-12,"3,3.5,4,4.5,5,5.5,6,6.5,7,7.5,8,8.5,9,9.5,10,10.5,11,11.5,12","4,4.5,5,5.5,6,6.5,7,7.5,8,8.5,9,9.5,10,10.5,11,11.5,12,12.5,13","37.5,38,39,40,40.5,41,42,43,43.5,44,45,46,46.5,47,48,49,49.5,50,51",21.7,30.1,Regular,8.68,10.88,roomy,medium,high,full-grain leather,TPU,445,pink|yellow|black,132.28,3.5,48,low_stock,,"New Balance formal footwear featuring full-grain leather, TPU, medium cushioning, high arch support, and a roomy profile.",newbalance.com; size charts: nike.com/adidas.co.uk/asics.com/clarks.com
reebok-stride-8-running-418,Reebok,Stride 8,Running,Female,UK,UK 3.5-8.5,"3.5,4,4.5,5,5.5,6,6.5,7,7.5,8,8.5","5.5,6,6.5,7,7.5,8,8.5,9,9.5,10,10.5","38,39,40,40.5,41,42,43,43.5,44,45,46",22.1,27.1,Regular|Wide,8.9,10.4,regular,medium,medium,synthetic mesh,rubber,233,white|grey|blue|beige,115.82,4.6,23,low_stock,,"Reebok running footwear featuring synthetic mesh, rubber, medium cushioning, medium arch support, and a regular profile.",reebok.com; size charts: nike.com/adidas.co.uk/asics.com/clarks.com
reebok-flex-6-athletic-419,Reebok,Flex 6,Athletic,Male,UK,UK 6-11.5,"6,6.5,7,7.5,8,8.5,9,9.5,10,10.5,11,11.5","7,7.5,8,8.5,9,9.5,10,10.5,11,11.5,12,12.5","42,43,43.5,44,45,46,46.5,47,48,49,49.5,50",24.2,29.5,Narrow|Regular,9.03,10.33,snug,medium,medium,synthetic leather,rubber,245,green|yellow|orange,109.33,4.2,56,out_of_stock,,"Built for athletic days: synthetic leather upper, durable rubber outsole, medium cushion, medium support, and a snug fit.",reebok.com; size charts: nike.com/adidas.co.uk/asics.com/clarks.com
reebok-velocity-5-running-420,Reebok,Velocity 5,Running,Male,UK,UK 6.5-12,"6.5,7,7.5,8,8.5,9,9.5,10,10.5,11,11.5,12","7.5,8,8.5,9,9.5,10,10.5,11,11.5,12,12.5,13","43,43.5,44,45,46,46.5,47,48,49,49.5,50,51",24.6,30,Regular,9.2,11.4,snug,medium,medium,synthetic mesh,blown rubber,235,orange|pink|green,103.47,3.7,59,low_stock,,"Reebok running footwear featuring synthetic mesh, blown rubber, medium cushioning, medium arch support, and a snug profile.",reebok.com; size charts: nike.com/adidas.co.uk/asics.com/clarks.com
hoka-chelsea-5-formal-421,HOKA,Chelsea 5,Formal,Male,UK,UK 6-12,"6,6.5,7,7.5,8,8.5,9,9.5,10,10.5,11,11.5,12","7,7.5,8,8.5,9,9.5,10,10.5,11,11.5,12,12.5,13","42,43,43.5,44,45,46,46.5,47,48,49,49.5,50,51",24.4,30,Wide,10.36,11.36,regular,medium,high,patent leather,rubber,450,purple|beige,133.04,4.4,84,in_stock,,Formal shoe with patent leather upper and rubber outsole; medium cushioning and high arch support for a regular feel.,hoka.com; size charts: nike.com/adidas.co.uk/asics.com/clarks.com
vans-pace-iii-running-422,Vans,Pace III,Running,Female,UK,UK 3-8.5,"3,3.5,4,4.5,5,5.5,6,6.5,7,7.5,8,8.5","5,5.5,6,6.5,7,7.5,8,8.5,9,9.5,10,10.5","37.5,38,39,40,40.5,41,42,43,43.5,44,45,46",21.6,26.8,Regular,8.05,10.25,regular,high,medium,synthetic mesh,blown rubber,302,purple|yellow,144.67,4.1,69,out_of_stock,,"Vans running footwear featuring synthetic mesh, blown rubber, high cushioning, medium arch support, and a regular profile.",vans.com; size charts: nike.com/adidas.co.uk/asics.com/clarks.com
reebok-swift-4-running-423,Reebok,Swift 4,Running,Female,UK,UK 3.5-8.5,"3.5,4,4.5,5,5.5,6,6.5,7,7.5,8,8.5","5.5,6,6.5,7,7.5,8,8.5,9,9.5,10,10.5","38,39,40,40.5,41,42,43,43.5,44,45,46",22.3,27,Regular|Wide,8.92,10.42,snug,medium,medium,engineered mesh,rubber,331,blue|brown|grey,116.7,4.3,84,out_of_stock,,"Built for running days: engineered mesh upper, durable rubber outsole, medium cushion, medium support, and a snug fit.",reebok.com; size charts: nike.com/adidas.co.uk/asics.com/clarks.com
adidas-power-5-athletic-424,Adidas,Power 5,Athletic,Unisex,UK,UK 3.5-12,"3.5,4,4.5,5,5.5,6,6.5,7,7.5,8,8.5,9,9.5,10,10.5,11,11.5,12","4.5,5,5.5,6,6.5,7,7.5,8,8.5,9,9.5,10,10.5,11,11.5,12,12.5,13","38,39,40,40.5,41,42,43,43.5,44,45,46,46.5,47,48,49,49.5,50,51",22.3,30,Narrow|Regular|Wide,8.78,10.98,roomy,high,medium,synthetic leather,rubber,260,orange|black,119.89,4.9,99,in_stock,,Athletic shoe with synthetic leather upper and rubber outsole; high cushioning and medium arch support for a roomy feel.,adidas.co.uk; size charts: nike.com/adidas.co.uk/asics.com/clarks.com
puma-power-9-athletic-425,PUMA,Power 9,Athletic,Female,UK,UK 3.5-8,"3.5,4,4.5,5,5.5,6,6.5,7,7.5,8","5.5,6,6.5,7,7.5,8,8.5,9,9.5,10","38,39,40,40.5,41,42,43,43.5,44,45",22.3,26.6,Narrow|Regular|Wide,8.15,10.35,regular,medium,high,knit,non-marking rubber,292,red|orange,143.26,3.9,54,out_of_stock,,Athletic shoe with knit upper and non-marking rubber outsole; medium cushioning and high arch support for a regular feel.,puma.com; size charts: nike.com/adidas.co.uk/asics.com/clarks.com
asics-dress-ii-formal-426,ASICS,Dress II,Formal,Unisex,UK,UK 3-11.5,"3,3.5,4,4.5,5,5.5,6,6.5,7,7.5,8,8.5,9,9.5,10,10.5,11,11.5","4,4.5,5,5.5,6,6.5,7,7.5,8,8.5,9,9.5,10,10.5,11,11.5,12,12.5","37.5,38,39,40,40.5,41,42,43,43.5,44,45,46,46.5,47,48,49,49.5,50",21.7,29.6,Regular,8.59,10.79,snug,medium,medium,patent leather,rubber,386,beige|navy,149.65,4.3,77,in_stock,,"Built for formal days: patent leather upper, durable rubber outsole, medium cushion, medium support, and a snug fit.",asics.com; size charts: nike.com/adidas.co.uk/asics.com/clarks.com
asics-loafer-x-formal-427,ASICS,Loafer X,Formal,Female,UK,UK 3.5-8,"3.5,4,4.5,5,5.5,6,6.5,7,7.5,8","5.5,6,6.5,7,7.5,8,8.5,9,9.5,10","38,39,40,40.5,41,42,43,43.5,44,45",22.1,26.4,Narrow|Regular,8.07,9.37,regular,low,high,full-grain leather,rubber,362,purple|white,158.39,4.3,16,in_stock,,"Built for formal days: full-grain leather upper, durable rubber outsole, low cushion, high support, and a regular fit.",asics.com; size charts: nike.com/adidas.co.uk/asics.com/clarks.com
new-balance-power-max-boost-athletic-428,New Balance,Power Max Boost,Athletic,Male,UK,UK 6.5-11.5,"6.5,7,7.5,8,8.5,9,9.5,10,10.5,11,11.5","7.5,8,8.5,9,9.5,10,10.5,11,11.5,12,12.5","43,43.5,44,45,46,46.5,47,48,49,49.5,50",24.7,29.7,Narrow|Regular|Wide,9.16,11.36,roomy,medium,medium,synthetic leather,TPU,291,tan|beige|grey|red,144.85,4.6,60,in_stock,,"New Balance athletic footwear featuring synthetic leather, TPU, medium cushioning, medium arch support, and a roomy profile.",newbalance.com; size charts: nike.com/adidas.co.uk/asics.com/clarks.com
salomon-velocity-prime-running-429,Salomon,Velocity Prime,Running,Unisex,UK,UK 3.5-12,"3.5,4,4.5,5,5.5,6,6.5,7,7.5,8,8.5,9,9.5,10,10.5,11,11.5,12","4.5,5,5.5,6,6.5,7,7.5,8,8.5,9,9.5,10,10.5,11,11.5,12,12.5,13","38,39,40,40.5,41,42,43,43.5,44,45,46,46.5,47,48,49,49.5,50,51",22.1,30,Regular,8.74,10.94,regular,medium,medium,knit mesh,carbon rubber,290,brown|pink|navy|red,163.46,4.5,38,out_of_stock,,"Built for running days: knit mesh upper, durable carbon rubber outsole, medium cushion, medium support, and a regular fit.",salomon.com; size charts: nike.com/adidas.co.uk/asics.com/clarks.com
asics-endorphin-4-running-430,ASICS,Endorphin 4,Running,Male,UK,UK 6-12,"6,6.5,7,7.5,8,8.5,9,9.5,10,10.5,11,11.5,12","7,7.5,8,8.5,9,9.5,10,10.5,11,11.5,12,12.5,13","42,43,43.5,44,45,46,46.5,47,48,49,49.5,50,51",24.4,29.9,Regular|Wide,9.85,11.35,regular,medium,high,knit mesh,blown rubber,337,tan|yellow|brown,84.15,4.1,21,in_stock,,"ASICS running footwear featuring knit mesh, blown rubber, medium cushioning, high arch support, and a regular profile.",asics.com; size charts: nike.com/adidas.co.uk/asics.com/clarks.com
nike-summit-9-trail-431,Nike,Summit 9,Trail,Female,UK,UK 3.5-8.5,"3.5,4,4.5,5,5.5,6,6.5,7,7.5,8,8.5","5.5,6,6.5,7,7.5,8,8.5,9,9.5,10,10.5","38,39,40,40.5,41,42,43,43.5,44,45,46",22,27,Wide,9.36,10.36,roomy,high,medium,ripstop mesh,Vibram-style rubber,295,grey|orange|brown|navy,176.16,4.7,41,in_stock,,Trail shoe with ripstop mesh upper and Vibram-style rubber outsole; high cushioning and medium arch support for a roomy feel.,nike.com; size charts: nike.com/adidas.co.uk/asics.com/clarks.com
saucony-peak-max-trail-432,Saucony,Peak Max,Trail,Male,UK,UK 6.5-12,"6.5,7,7.5,8,8.5,9,9.5,10,10.5,11,11.5,12","7.5,8,8.5,9,9.5,10,10.5,11,11.5,12,12.5,13","43,43.5,44,45,46,46.5,47,48,49,49.5,50,51",24.8,30,Narrow|Regular,9.24,10.54,roomy,high,medium,synthetic mesh,sticky rubber,397,navy|black|pink,139.55,4.6,23,in_stock,,Trail shoe with synthetic mesh upper and sticky rubber outsole; high cushioning and medium arch support for a roomy feel.,saucony.com; size charts: nike.com/adidas.co.uk/asics.com/clarks.com
hoka-charge-9-athletic-433,HOKA,Charge 9,Athletic,Unisex,UK,UK 3-11.5,"3,3.5,4,4.5,5,5.5,6,6.5,7,7.5,8,8.5,9,9.5,10,10.5,11,11.5","4,4.5,5,5.5,6,6.5,7,7.5,8,8.5,9,9.5,10,10.5,11,11.5,12,12.5","37.5,38,39,40,40.5,41,42,43,43.5,44,45,46,46.5,47,48,49,49.5,50",21.9,29.6,Narrow|Regular|Wide,8.63,10.83,snug,medium,medium,knit,non-marking rubber,348,white|green,136.42,4.2,110,in_stock,,"Built for athletic days: knit upper, durable non-marking rubber outsole, medium cushion, medium support, and a snug fit.",hoka.com; size charts: nike.com/adidas.co.uk/asics.com/clarks.com
new-balance-canyon-ii-runner-trail-434,New Balance,Canyon II Runner,Trail,Male,UK,UK 6.5-12,"6.5,7,7.5,8,8.5,9,9.5,10,10.5,11,11.5,12","7.5,8,8.5,9,9.5,10,10.5,11,11.5,12,12.5,13","43,43.5,44,45,46,46.5,47,48,49,49.5,50,51",24.8,30,Regular,9.24,11.44,roomy,medium,medium,synthetic mesh,Vibram-style rubber,465,grey|yellow|blue|green,165.28,4.1,46,in_stock,,Trail shoe with synthetic mesh upper and Vibram-style rubber outsole; medium cushioning and medium arch support for a roomy feel.,newbalance.com; size charts: nike.com/adidas.co.uk/asics.com/clarks.com
brooks-terra-prime-premium-trail-435,Brooks,Terra Prime Premium,Trail,Female,UK,UK 3-8.5,"3,3.5,4,4.5,5,5.5,6,6.5,7,7.5,8,8.5","5,5.5,6,6.5,7,7.5,8,8.5,9,9.5,10,10.5","37.5,38,39,40,40.5,41,42,43,43.5,44,45,46",21.7,27.1,Wide,9.33,10.33,roomy,low,medium,synthetic mesh,Vibram-style rubber,309,blue|purple|green,154.76,4.2,27,in_stock,,"Built for trail days: synthetic mesh upper, durable Vibram-style rubber outsole, low cushion, medium support, and a roomy fit.",brooksrunning.com; size charts: nike.com/adidas.co.uk/asics.com/clarks.com
nike-street-elite-gt-casual-436,Nike,Street Elite GT,Casual,Male,UK,UK 6.5-12,"6.5,7,7.5,8,8.5,9,9.5,10,10.5,11,11.5,12","7.5,8,8.5,9,9.5,10,10.5,11,11.5,12,12.5,13","43,43.5,44,45,46,46.5,47,48,49,49.5,50,51",24.6,30.1,Regular,9.22,11.42,regular,medium,medium,suede,cupsole rubber,395,pink|brown|grey,117.69,4.2,46,in_stock,,Casual shoe with suede upper and cupsole rubber outsole; medium cushioning and medium arch support for a regular feel.,nike.com; size charts: nike.com/adidas.co.uk/asics.com/clarks.com
saucony-court-7-casual-437,Saucony,Court 7,Casual,Female,UK,UK 3-8.5,"3,3.5,4,4.5,5,5.5,6,6.5,7,7.5,8,8.5","5,5.5,6,6.5,7,7.5,8,8.5,9,9.5,10,10.5","37.5,38,39,40,40.5,41,42,43,43.5,44,45,46",21.8,27.1,Regular,8.15,10.35,snug,low,medium,leather,rubber,323,green|black|beige,116.13,3.7,90,in_stock,,"Built for casual days: leather upper, durable rubber outsole, low cushion, medium support, and a snug fit.",saucony.com; size charts: nike.com/adidas.co.uk/asics.com/clarks.com
skechers-urban-4-casual-438,Skechers,Urban 4,Casual,Male,UK,UK 6-12,"6,6.5,7,7.5,8,8.5,9,9.5,10,10.5,11,11.5,12","7,7.5,8,8.5,9,9.5,10,10.5,11,11.5,12,12.5,13","42,43,43.5,44,45,46,46.5,47,48,49,49.5,50,51",24.3,30,Narrow|Regular|Wide,9.15,11.35,regular,low,medium,synthetic leather,rubber,361,black|grey|yellow,119.48,4.5,141,in_stock,,"Built for casual days: synthetic leather upper, durable rubber outsole, low cushion, medium support, and a regular fit.",skechers.com; size charts: nike.com/adidas.co.uk/asics.com/clarks.com
merrell-loafer-4-formal-439,Merrell,Loafer 4,Formal,Unisex,UK,UK 3-12,"3,3.5,4,4.5,5,5.5,6,6.5,7,7.5,8,8.5,9,9.5,10,10.5,11,11.5,12","4,4.5,5,5.5,6,6.5,7,7.5,8,8.5,9,9.5,10,10.5,11,11.5,12,12.5,13","37.5,38,39,40,40.5,41,42,43,43.5,44,45,46,46.5,47,48,49,49.5,50,51",21.8,30.1,Regular,8.7,10.9,regular,low,low,suede leather,leather,448,blue|pink|yellow,149.77,3.5,53,in_stock,,"Merrell formal footwear featuring suede leather, leather, low cushioning, low arch support, and a regular profile.",merrell.com; size charts: nike.com/adidas.co.uk/asics.com/clarks.com
brooks-aero-i-boost-running-440,Brooks,Aero I Boost,Running,Unisex,UK,UK 3-12,"3,3.5,4,4.5,5,5.5,6,6.5,7,7.5,8,8.5,9,9.5,10,10.5,11,11.5,12","4,4.5,5,5.5,6,6.5,7,7.5,8,8.5,9,9.5,10,10.5,11,11.5,12,12.5,13","37.5,38,39,40,40.5,41,42,43,43.5,44,45,46,46.5,47,48,49,49.5,50,51",21.9,30.1,Narrow|Regular,8.72,10.02,roomy,medium,medium,engineered mesh,rubber,267,red|pink|tan,129.03,4.6,30,in_stock,,"Brooks running footwear featuring engineered mesh, rubber, medium cushioning, medium arch support, and a roomy profile.",brooksrunning.com; size charts: nike.com/adidas.co.uk/asics.com/clarks.com
salomon-trainer-prime-athletic-441,Salomon,Trainer Prime,Athletic,Unisex,UK,UK 3.5-12,"3.5,4,4.5,5,5.5,6,6.5,7,7.5,8,8.5,9,9.5,10,10.5,11,11.5,12","4.5,5,5.5,6,6.5,7,7.5,8,8.5,9,9.5,10,10.5,11,11.5,12,12.5,13","38,39,40,40.5,41,42,43,43.5,44,45,46,46.5,47,48,49,49.5,50,51",22.1,29.9,Regular,8.72,10.92,regular,medium,high,synthetic mesh,rubber,309,pink|grey|red,131.71,3.8,46,out_of_stock,,"Salomon athletic footwear featuring synthetic mesh, rubber, medium cushioning, high arch support, and a regular profile.",salomon.com; size charts: nike.com/adidas.co.uk/asics.com/clarks.com
clarks-outback-5-trail-442,Clarks,Outback 5,Trail,Female,UK,UK 3-8.5,"3,3.5,4,4.5,5,5.5,6,6.5,7,7.5,8,8.5","5,5.5,6,6.5,7,7.5,8,8.5,9,9.5,10,10.5","37.5,38,39,40,40.5,41,42,43,43.5,44,45,46",21.7,27,Regular,8.11,10.31,regular,medium,low,ripstop mesh,lugged rubber,394,beige|pink|black,167.72,4.5,49,in_stock,,"Built for trail days: ripstop mesh upper, durable lugged rubber outsole, medium cushion, low support, and a regular fit.",clarks.com; size charts: nike.com/adidas.co.uk/asics.com/clarks.com
skechers-oxford-max-formal-443,Skechers,Oxford Max,Formal,Female,UK,UK 3-8.5,"3,3.5,4,4.5,5,5.5,6,6.5,7,7.5,8,8.5","5,5.5,6,6.5,7,7.5,8,8.5,9,9.5,10,10.5","37.5,38,39,40,40.5,41,42,43,43.5,44,45,46",21.8,27,Narrow|Regular|Wide,8.13,10.33,regular,high,medium,full-grain leather,rubber,374,orange|navy,130.51,4.6,62,in_stock,,"Built for formal days: full-grain leather upper, durable rubber outsole, high cushion, medium support, and a regular fit.",skechers.com; size charts: nike.com/adidas.co.uk/asics.com/clarks.com
converse-chelsea-max-formal-444,Converse,Chelsea Max,Formal,Male,UK,UK 6.5-12,"6.5,7,7.5,8,8.5,9,9.5,10,10.5,11,11.5,12","7.5,8,8.5,9,9.5,10,10.5,11,11.5,12,12.5,13","43,43.5,44,45,46,46.5,47,48,49,49.5,50,51",24.8,30,Narrow|Regular|Wide,9.24,11.44,snug,medium,high,full-grain leather,TPU,419,grey|red|black,141.88,4.5,75,low_stock,,"Built for formal days: full-grain leather upper, durable TPU outsole, medium cushion, high support, and a snug fit.",converse.com; size charts: nike.com/adidas.co.uk/asics.com/clarks.com
clarks-summit-4-trail-445,Clarks,Summit 4,Trail,Male,UK,UK 6.5-12,"6.5,7,7.5,8,8.5,9,9.5,10,10.5,11,11.5,12","7.5,8,8.5,9,9.5,10,10.5,11,11.5,12,12.5,13","43,43.5,44,45,46,46.5,47,48,49,49.5,50,51",24.7,30.1,Regular|Wide,9.94,11.44,snug,medium,medium,synthetic mesh,lugged rubber,362,white|tan|grey|purple,129.54,4.3,27,low_stock,,"Clarks trail footwear featuring synthetic mesh, lugged rubber, medium cushioning, medium arch support, and a snug profile.",clarks.com; size charts: nike.com/adidas.co.uk/asics.com/clarks.com
merrell-skate-7-casual-446,Merrell,Skate 7,Casual,Female,UK,UK 3-8,"3,3.5,4,4.5,5,5.5,6,6.5,7,7.5,8","5,5.5,6,6.5,7,7.5,8,8.5,9,9.5,10","37.5,38,39,40,40.5,41,42,43,43.5,44,45",21.8,26.4,Regular,8.02,10.22,regular,low,low,suede,gum rubber,264,white|pink|brown|grey,104.7,3.7,40,in_stock,,Casual shoe with suede upper and gum rubber outsole; low cushioning and low arch support for a regular feel.,merrell.com; size charts: nike.com/adidas.co.uk/asics.com/clarks.com
new-balance-endorphin-8-running-447,New Balance,Endorphin 8,Running,Female,UK,UK 3-8.5,"3,3.5,4,4.5,5,5.5,6,6.5,7,7.5,8,8.5","5,5.5,6,6.5,7,7.5,8,8.5,9,9.5,10,10.5","37.5,38,39,40,40.5,41,42,43,43.5,44,45,46",21.8,26.8,Narrow|Regular|Wide,8.09,10.29,regular,low,high,engineered mesh,blown rubber,267,yellow|pink|white,101.7,3.9,21,in_stock,,"Built for running days: engineered mesh upper, durable blown rubber outsole, low cushion, high support, and a regular fit.",newbalance.com; size charts: nike.com/adidas.co.uk/asics.com/clarks.com
vans-summit-6-trail-448,Vans,Summit 6,Trail,Male,UK,UK 6-11.5,"6,6.5,7,7.5,8,8.5,9,9.5,10,10.5,11,11.5","7,7.5,8,8.5,9,9.5,10,10.5,11,11.5,12,12.5","42,43,43.5,44,45,46,46.5,47,48,49,49.5,50",24.3,29.4,Narrow|Regular,9.03,10.33,snug,medium,medium,synthetic mesh,lugged rubber,335,navy|black,129.13,4,79,in_stock,,"Vans trail footwear featuring synthetic mesh, lugged rubber, medium cushioning, medium arch support, and a snug profile.",vans.com; size charts: nike.com/adidas.co.uk/asics.com/clarks.com
timberland-lo-6-casual-449,Timberland,Lo 6,Casual,Unisex,UK,UK 3-12,"3,3.5,4,4.5,5,5.5,6,6.5,7,7.5,8,8.5,9,9.5,10,10.5,11,11.5,12","4,4.5,5,5.5,6,6.5,7,7.5,8,8.5,9,9.5,10,10.5,11,11.5,12,12.5,13","37.5,38,39,40,40.5,41,42,43,43.5,44,45,46,46.5,47,48,49,49.5,50,51",21.7,30.1,Narrow|Regular|Wide,8.68,10.88,roomy,low,low,leather,rubber,366,white|black|beige,105.85,4.9,30,in_stock,,"Timberland casual footwear featuring leather, rubber, low cushioning, low arch support, and a roomy profile.",timberland.com; size charts: nike.com/adidas.co.uk/asics.com/clarks.com
reebok-trailblazer-8-trail-450,Reebok,Trailblazer 8,Trail,Male,UK,UK 6.5-11.5,"6.5,7,7.5,8,8.5,9,9.5,10,10.5,11,11.5","7.5,8,8.5,9,9.5,10,10.5,11,11.5,12,12.5","43,43.5,44,45,46,46.5,47,48,49,49.5,50",24.8,29.4,Wide,10.33,11.33,regular,high,high,gore-tex membrane,lugged rubber,292,yellow|grey,128.85,4.9,86,in_stock,,"Reebok trail footwear featuring gore-tex membrane, lugged rubber, high cushioning, high arch support, and a regular profile.",reebok.com; size charts: nike.com/adidas.co.uk/asics.com/clarks.com
merrell-nimbus-7-running-451,Merrell,Nimbus 7,Running,Male,UK,UK 6-11.5,"6,6.5,7,7.5,8,8.5,9,9.5,10,10.5,11,11.5","7,7.5,8,8.5,9,9.5,10,10.5,11,11.5,12,12.5","42,43,43.5,44,45,46,46.5,47,48,49,49.5,50",24.4,29.5,Narrow|Regular|Wide,9.07,11.27,regular,medium,medium,knit mesh,blown rubber,218,beige|purple|orange|blue,150.84,4,81,low_stock,,"Built for running days: knit mesh upper, durable blown rubber outsole, medium cushion, medium support, and a regular fit.",merrell.com; size charts: nike.com/adidas.co.uk/asics.com/clarks.com
merrell-power-ii-athletic-452,Merrell,Power II,Athletic,Female,UK,UK 3-8.5,"3,3.5,4,4.5,5,5.5,6,6.5,7,7.5,8,8.5","5,5.5,6,6.5,7,7.5,8,8.5,9,9.5,10,10.5","37.5,38,39,40,40.5,41,42,43,43.5,44,45,46",21.8,27,Regular,8.13,10.33,regular,high,low,synthetic mesh,rubber,282,black|navy|yellow,117.11,4.6,13,in_stock,,Athletic shoe with synthetic mesh upper and rubber outsole; high cushioning and low arch support for a regular feel.,merrell.com; size charts: nike.com/adidas.co.uk/asics.com/clarks.com
converse-oxford-plus-formal-453,Converse,Oxford Plus,Formal,Unisex,UK,UK 3-11.5,"3,3.5,4,4.5,5,5.5,6,6.5,7,7.5,8,8.5,9,9.5,10,10.5,11,11.5","4,4.5,5,5.5,6,6.5,7,7.5,8,8.5,9,9.5,10,10.5,11,11.5,12,12.5","37.5,38,39,40,40.5,41,42,43,43.5,44,45,46,46.5,47,48,49,49.5,50",21.7,29.7,Regular,8.61,10.81,roomy,medium,low,full-grain leather,leather,394,white|pink|purple,107.84,4.4,28,in_stock,,"Built for formal days: full-grain leather upper, durable leather outsole, medium cushion, low support, and a roomy fit.",converse.com; size charts: nike.com/adidas.co.uk/asics.com/clarks.com
converse-stride-8-running-454,Converse,Stride 8,Running,Female,UK,UK 3-8.5,"3,3.5,4,4.5,5,5.5,6,6.5,7,7.5,8,8.5","5,5.5,6,6.5,7,7.5,8,8.5,9,9.5,10,10.5","37.5,38,39,40,40.5,41,42,43,43.5,44,45,46",21.6,27.1,Narrow|Regular|Wide,8.11,10.31,regular,low,low,synthetic mesh,carbon rubber,180,purple|grey|tan,158.11,4.6,36,low_stock,,"Built for running days: synthetic mesh upper, durable carbon rubber outsole, low cushion, low support, and a regular fit.",converse.com; size charts: nike.com/adidas.co.uk/asics.com/clarks.com
vans-trailblazer-iii-trail-455,Vans,Trailblazer III,Trail,Female,UK,UK 3-8,"3,3.5,4,4.5,5,5.5,6,6.5,7,7.5,8","5,5.5,6,6.5,7,7.5,8,8.5,9,9.5,10","37.5,38,39,40,40.5,41,42,43,43.5,44,45",21.8,26.4,Regular|Wide,8.72,10.22,regular,low,low,synthetic mesh,sticky rubber,322,brown|pink|red|beige,118.91,4.9,55,in_stock,,"Built for trail days: synthetic mesh upper, durable sticky rubber outsole, low cushion, low support, and a regular fit.",vans.com; size charts: nike.com/adidas.co.uk/asics.com/clarks.com
asics-power-i-athletic-456,ASICS,Power I,Athletic,Male,UK,UK 6-12,"6,6.5,7,7.5,8,8.5,9,9.5,10,10.5,11,11.5,12","7,7.5,8,8.5,9,9.5,10,10.5,11,11.5,12,12.5,13","42,43,43.5,44,45,46,46.5,47,48,49,49.5,50,51",24.3,29.9,Regular,9.13,11.33,roomy,high,medium,synthetic mesh,TPU,295,tan|blue|orange|pink,150.91,4.4,136,low_stock,,"ASICS athletic footwear featuring synthetic mesh, TPU, high cushioning, medium arch support, and a roomy profile.",asics.com; size charts: nike.com/adidas.co.uk/asics.com/clarks.com
saucony-court-4-lite-casual-457,Saucony,Court 4 Lite,Casual,Male,UK,UK 6-12,"6,6.5,7,7.5,8,8.5,9,9.5,10,10.5,11,11.5,12","7,7.5,8,8.5,9,9.5,10,10.5,11,11.5,12,12.5,13","42,43,43.5,44,45,46,46.5,47,48,49,49.5,50,51",24.4,30.1,Narrow|Regular|Wide,9.18,11.38,regular,low,low,suede,cupsole rubber,339,purple|red,126.2,4.1,78,in_stock,,"Saucony casual footwear featuring suede, cupsole rubber, low cushioning, low arch support, and a regular profile.",saucony.com; size charts: nike.com/adidas.co.uk/asics.com/clarks.com
adidas-flex-6-athletic-458,Adidas,Flex 6,Athletic,Unisex,UK,UK 3-12,"3,3.5,4,4.5,5,5.5,6,6.5,7,7.5,8,8.5,9,9.5,10,10.5,11,11.5,12","4,4.5,5,5.5,6,6.5,7,7.5,8,8.5,9,9.5,10,10.5,11,11.5,12,12.5,13","37.5,38,39,40,40.5,41,42,43,43.5,44,45,46,46.5,47,48,49,49.5,50,51",21.9,29.9,Narrow|Regular|Wide,8.68,10.88,roomy,high,high,synthetic leather,rubber,268,purple|green|pink,124.98,4.3,46,out_of_stock,,"Adidas athletic footwear featuring synthetic leather, rubber, high cushioning, high arch support, and a roomy profile.",adidas.co.uk; size charts: nike.com/adidas.co.uk/asics.com/clarks.com
new-balance-power-prime-athletic-459,New Balance,Power Prime,Athletic,Unisex,UK,UK 3-12,"3,3.5,4,4.5,5,5.5,6,6.5,7,7.5,8,8.5,9,9.5,10,10.5,11,11.5,12","4,4.5,5,5.5,6,6.5,7,7.5,8,8.5,9,9.5,10,10.5,11,11.5,12,12.5,13","37.5,38,39,40,40.5,41,42,43,43.5,44,45,46,46.5,47,48,49,49.5,50,51",21.7,30,Regular,8.66,10.86,roomy,medium,low,knit,rubber,348,pink|navy,112.13,3.7,90,low_stock,,"New Balance athletic footwear featuring knit, rubber, medium cushioning, low arch support, and a roomy profile.",newbalance.com; size charts: nike.com/adidas.co.uk/asics.com/clarks.com
vans-ridge-iii-trail-460,Vans,Ridge III,Trail,Female,UK,UK 3.5-8,"3.5,4,4.5,5,5.5,6,6.5,7,7.5,8","5.5,6,6.5,7,7.5,8,8.5,9,9.5,10","38,39,40,40.5,41,42,43,43.5,44,45",22.2,26.6,Regular,8.13,10.33,roomy,high,medium,ripstop mesh,Vibram-style rubber,376,grey|beige,120.05,4.4,36,in_stock,,"Built for trail days: ripstop mesh upper, durable Vibram-style rubber outsole, high cushion, medium support, and a roomy fit.",vans.com; size charts: nike.com/adidas.co.uk/asics.com/clarks.com
asics-grit-i-trail-461,ASICS,Grit I,Trail,Male,UK,UK 6.5-12,"6.5,7,7.5,8,8.5,9,9.5,10,10.5,11,11.5,12","7.5,8,8.5,9,9.5,10,10.5,11,11.5,12,12.5,13","43,43.5,44,45,46,46.5,47,48,49,49.5,50,51",24.6,29.9,Narrow|Regular|Wide,9.18,11.38,regular,low,low,synthetic mesh,sticky rubber,343,red|purple|tan|orange,129.73,4.4,74,out_of_stock,,"Built for trail days: synthetic mesh upper, durable sticky rubber outsole, low cushion, low support, and a regular fit.",asics.com; size charts: nike.com/adidas.co.uk/asics.com/clarks.com
brooks-canyon-plus-trail-462,Brooks,Canyon Plus,Trail,Unisex,UK,UK 3-12,"3,3.5,4,4.5,5,5.5,6,6.5,7,7.5,8,8.5,9,9.5,10,10.5,11,11.5,12","4,4.5,5,5.5,6,6.5,7,7.5,8,8.5,9,9.5,10,10.5,11,11.5,12,12.5,13","37.5,38,39,40,40.5,41,42,43,43.5,44,45,46,46.5,47,48,49,49.5,50,51",21.8,30.1,Wide,9.9,10.9,regular,high,medium,synthetic mesh,Vibram-style rubber,331,beige|orange,153.74,3.8,42,low_stock,,Trail shoe with synthetic mesh upper and Vibram-style rubber outsole; high cushioning and medium arch support for a regular feel.,brooksrunning.com; size charts: nike.com/adidas.co.uk/asics.com/clarks.com
puma-velocity-prime-running-463,PUMA,Velocity Prime,Running,Male,UK,UK 6-12,"6,6.5,7,7.5,8,8.5,9,9.5,10,10.5,11,11.5,12","7,7.5,8,8.5,9,9.5,10,10.5,11,11.5,12,12.5,13","42,43,43.5,44,45,46,46.5,47,48,49,49.5,50,51",24.2,29.9,Narrow|Regular,9.11,10.41,regular,medium,medium,synthetic mesh,carbon rubber,264,white|grey,119.84,4.2,48,out_of_stock,,"Built for running days: synthetic mesh upper, durable carbon rubber outsole, medium cushion, medium support, and a regular fit.",puma.com; size charts: nike.com/adidas.co.uk/asics.com/clarks.com
clarks-trailblazer-i-trail-464,Clarks,Trailblazer I,Trail,Male,UK,UK 6.5-11.5,"6.5,7,7.5,8,8.5,9,9.5,10,10.5,11,11.5","7.5,8,8.5,9,9.5,10,10.5,11,11.5,12,12.5","43,43.5,44,45,46,46.5,47,48,49,49.5,50",24.6,29.6,Regular|Wide,9.83,11.33,regular,medium,low,ripstop mesh,sticky rubber,366,orange|navy|blue,146.83,4.1,63,out_of_stock,,"Built for trail days: ripstop mesh upper, durable sticky rubber outsole, medium cushion, low support, and a regular fit.",clarks.com; size charts: nike.com/adidas.co.uk/asics.com/clarks.com
saucony-peak-iii-trail-465,Saucony,Peak III,Trail,Male,UK,UK 6-12,"6,6.5,7,7.5,8,8.5,9,9.5,10,10.5,11,11.5,12","7,7.5,8,8.5,9,9.5,10,10.5,11,11.5,12,12.5,13","42,43,43.5,44,45,46,46.5,47,48,49,49.5,50,51",24.2,30,Narrow|Regular|Wide,9.13,11.33,regular,low,low,synthetic mesh,lugged rubber,357,yellow|pink|tan,170.27,4.4,34,in_stock,,Trail shoe with synthetic mesh upper and lugged rubber outsole; low cushioning and low arch support for a regular feel.,saucony.com; size charts: nike.com/adidas.co.uk/asics.com/clarks.com
saucony-brogue-6-formal-466,Saucony,Brogue 6,Formal,Unisex,UK,UK 3.5-12,"3.5,4,4.5,5,5.5,6,6.5,7,7.5,8,8.5,9,9.5,10,10.5,11,11.5,12","4.5,5,5.5,6,6.5,7,7.5,8,8.5,9,9.5,10,10.5,11,11.5,12,12.5,13","38,39,40,40.5,41,42,43,43.5,44,45,46,46.5,47,48,49,49.5,50,51",22.2,30.1,Regular,8.78,10.98,regular,medium,high,patent leather,rubber,463,yellow|black|brown|beige,151.57,4.5,16,in_stock,,"Saucony formal footwear featuring patent leather, rubber, medium cushioning, high arch support, and a regular profile.",saucony.com; size charts: nike.com/adidas.co.uk/asics.com/clarks.com
vans-nimbus-7-running-467,Vans,Nimbus 7,Running,Male,UK,UK 6-12,"6,6.5,7,7.5,8,8.5,9,9.5,10,10.5,11,11.5,12","7,7.5,8,8.5,9,9.5,10,10.5,11,11.5,12,12.5,13","42,43,43.5,44,45,46,46.5,47,48,49,49.5,50,51",24.3,29.9,Narrow|Regular,9.13,10.43,regular,medium,medium,knit mesh,rubber,251,orange|beige|white|black,137.1,3.7,28,low_stock,,"Vans running footwear featuring knit mesh, rubber, medium cushioning, medium arch support, and a regular profile.",vans.com; size charts: nike.com/adidas.co.uk/asics.com/clarks.com
reebok-cross-6-athletic-468,Reebok,Cross 6,Athletic,Male,UK,UK 6.5-12,"6.5,7,7.5,8,8.5,9,9.5,10,10.5,11,11.5,12","7.5,8,8.5,9,9.5,10,10.5,11,11.5,12,12.5,13","43,43.5,44,45,46,46.5,47,48,49,49.5,50,51",24.6,30.1,Regular,9.22,11.42,snug,high,low,knit,TPU,357,pink|tan,105.48,4,166,in_stock,,"Reebok athletic footwear featuring knit, TPU, high cushioning, low arch support, and a snug profile.",reebok.com; size charts: nike.com/adidas.co.uk/asics.com/clarks.com
saucony-flex-ii-athletic-469,Saucony,Flex II,Athletic,Unisex,UK,UK 3.5-12,"3.5,4,4.5,5,5.5,6,6.5,7,7.5,8,8.5,9,9.5,10,10.5,11,11.5,12","4.5,5,5.5,6,6.5,7,7.5,8,8.5,9,9.5,10,10.5,11,11.5,12,12.5,13","38,39,40,40.5,41,42,43,43.5,44,45,46,46.5,47,48,49,49.5,50,51",22,30,Regular,8.72,10.92,regular,low,medium,knit,TPU,315,orange|red|pink|beige,132.81,4.4,80,out_of_stock,,"Saucony athletic footwear featuring knit, TPU, low cushioning, medium arch support, and a regular profile.",saucony.com; size charts: nike.com/adidas.co.uk/asics.com/clarks.com
saucony-glide-7-running-470,Saucony,Glide 7,Running,Female,UK,UK 3-8.5,"3,3.5,4,4.5,5,5.5,6,6.5,7,7.5,8,8.5","5,5.5,6,6.5,7,7.5,8,8.5,9,9.5,10,10.5","37.5,38,39,40,40.5,41,42,43,43.5,44,45,46",21.7,27.1,Regular|Wide,8.83,10.33,roomy,medium,medium,synthetic mesh,carbon rubber,266,navy|tan,128.61,3.8,17,in_stock,,"Saucony running footwear featuring synthetic mesh, carbon rubber, medium cushioning, medium arch support, and a roomy profile.",saucony.com; size charts: nike.com/adidas.co.uk/asics.com/clarks.com
brooks-surge-elite-running-471,Brooks,Surge Elite,Running,Unisex,UK,UK 3-11.5,"3,3.5,4,4.5,5,5.5,6,6.5,7,7.5,8,8.5,9,9.5,10,10.5,11,11.5","4,4.5,5,5.5,6,6.5,7,7.5,8,8.5,9,9.5,10,10.5,11,11.5,12,12.5","37.5,38,39,40,40.5,41,42,43,43.5,44,45,46,46.5,47,48,49,49.5,50",21.8,29.6,Narrow|Regular|Wide,8.61,10.81,roomy,high,medium,engineered mesh,carbon rubber,346,black|yellow,115.15,4.6,19,low_stock,,"Built for running days: engineered mesh upper, durable carbon rubber outsole, high cushion, medium support, and a roomy fit.",brooksrunning.com; size charts: nike.com/adidas.co.uk/asics.com/clarks.com
vans-street-plus-casual-472,Vans,Street Plus,Casual,Unisex,UK,UK 3-12,"3,3.5,4,4.5,5,5.5,6,6.5,7,7.5,8,8.5,9,9.5,10,10.5,11,11.5,12","4,4.5,5,5.5,6,6.5,7,7.5,8,8.5,9,9.5,10,10.5,11,11.5,12,12.5,13","37.5,38,39,40,40.5,41,42,43,43.5,44,45,46,46.5,47,48,49,49.5,50,51",21.7,30,Regular,8.66,10.86,regular,low,high,synthetic leather,rubber,305,pink|grey|green|blue,111.53,3.9,39,in_stock,,Casual shoe with synthetic leather upper and rubber outsole; low cushioning and high arch support for a regular feel.,vans.com; size charts: nike.com/adidas.co.uk/asics.com/clarks.com
new-balance-power-8-athletic-473,New Balance,Power 8,Athletic,Female,UK,UK 3.5-8.5,"3.5,4,4.5,5,5.5,6,6.5,7,7.5,8,8.5","5.5,6,6.5,7,7.5,8,8.5,9,9.5,10,10.5","38,39,40,40.5,41,42,43,43.5,44,45,46",22,26.9,Narrow|Regular|Wide,8.15,10.35,regular,medium,medium,synthetic mesh,TPU,330,beige|green,123.1,4.9,46,low_stock,,"Built for athletic days: synthetic mesh upper, durable TPU outsole, medium cushion, medium support, and a regular fit.",newbalance.com; size charts: nike.com/adidas.co.uk/asics.com/clarks.com
reebok-retro-elite-casual-474,Reebok,Retro Elite,Casual,Female,UK,UK 3-8,"3,3.5,4,4.5,5,5.5,6,6.5,7,7.5,8","5,5.5,6,6.5,7,7.5,8,8.5,9,9.5,10","37.5,38,39,40,40.5,41,42,43,43.5,44,45",21.8,26.6,Regular|Wide,8.75,10.25,roomy,medium,medium,canvas,gum rubber,295,grey|orange,78.89,4.1,42,in_stock,,Casual shoe with canvas upper and gum rubber outsole; medium cushioning and medium arch support for a roomy feel.,reebok.com; size charts: nike.com/adidas.co.uk/asics.com/clarks.com
new-balance-grit-max-gt-trail-475,New Balance,Grit Max GT,Trail,Unisex,UK,UK 3-12,"3,3.5,4,4.5,5,5.5,6,6.5,7,7.5,8,8.5,9,9.5,10,10.5,11,11.5,12","4,4.5,5,5.5,6,6.5,7,7.5,8,8.5,9,9.5,10,10.5,11,11.5,12,12.5,13","37.5,38,39,40,40.5,41,42,43,43.5,44,45,46,46.5,47,48,49,49.5,50,51",21.8,29.9,Narrow|Regular|Wide,8.66,10.86,snug,high,high,ripstop mesh,sticky rubber,345,tan|purple,133.73,4.3,93,in_stock,,"Built for trail days: ripstop mesh upper, durable sticky rubber outsole, high cushion, high support, and a snug fit.",newbalance.com; size charts: nike.com/adidas.co.uk/asics.com/clarks.com
brooks-loafer-ii-runner-formal-476,Brooks,Loafer II Runner,Formal,Female,UK,UK 3-8.5,"3,3.5,4,4.5,5,5.5,6,6.5,7,7.5,8,8.5","5,5.5,6,6.5,7,7.5,8,8.5,9,9.5,10,10.5","37.5,38,39,40,40.5,41,42,43,43.5,44,45,46",21.8,26.8,Narrow|Regular|Wide,8.09,10.29,regular,medium,low,patent leather,rubber,434,beige|yellow|brown|black,129.22,4.4,102,in_stock,,"Brooks formal footwear featuring patent leather, rubber, medium cushioning, low arch support, and a regular profile.",brooksrunning.com; size charts: nike.com/adidas.co.uk/asics.com/clarks.com
nike-drive-8-athletic-477,Nike,Drive 8,Athletic,Female,UK,UK 3-8.5,"3,3.5,4,4.5,5,5.5,6,6.5,7,7.5,8,8.5","5,5.5,6,6.5,7,7.5,8,8.5,9,9.5,10,10.5","37.5,38,39,40,40.5,41,42,43,43.5,44,45,46",21.6,26.9,Narrow|Regular|Wide,8.07,10.27,regular,medium,medium,synthetic mesh,non-marking rubber,300,tan|navy|white,131.48,4.1,59,in_stock,,"Built for athletic days: synthetic mesh upper, durable non-marking rubber outsole, medium cushion, medium support, and a regular fit.",nike.com; size charts: nike.com/adidas.co.uk/asics.com/clarks.com
saucony-edge-7-athletic-478,Saucony,Edge 7,Athletic,Unisex,UK,UK 3-11.5,"3,3.5,4,4.5,5,5.5,6,6.5,7,7.5,8,8.5,9,9.5,10,10.5,11,11.5","4,4.5,5,5.5,6,6.5,7,7.5,8,8.5,9,9.5,10,10.5,11,11.5,12,12.5","37.5,38,39,40,40.5,41,42,43,43.5,44,45,46,46.5,47,48,49,49.5,50",21.8,29.6,Narrow|Regular,8.61,9.91,regular,medium,medium,synthetic leather,non-marking rubber,307,purple|navy|pink,105.78,4.3,97,in_stock,,"Built for athletic days: synthetic leather upper, durable non-marking rubber outsole, medium cushion, medium support, and a regular fit.",saucony.com; size charts: nike.com/adidas.co.uk/asics.com/clarks.com
vans-flex-iii-athletic-479,Vans,Flex III,Athletic,Male,UK,UK 6-12,"6,6.5,7,7.5,8,8.5,9,9.5,10,10.5,11,11.5,12","7,7.5,8,8.5,9,9.5,10,10.5,11,11.5,12,12.5,13","42,43,43.5,44,45,46,46.5,47,48,49,49.5,50,51",24.4,30,Wide,10.36,11.36,roomy,medium,high,synthetic leather,non-marking rubber,359,red|beige|orange|brown,88.74,3.7,49,in_stock,,"Built for athletic days: synthetic leather upper, durable non-marking rubber outsole, medium cushion, high support, and a roomy fit.",vans.com; size charts: nike.com/adidas.co.uk/asics.com/clarks.com
saucony-retro-4-casual-480,Saucony,Retro 4,Casual,Male,UK,UK 6-12,"6,6.5,7,7.5,8,8.5,9,9.5,10,10.5,11,11.5,12","7,7.5,8,8.5,9,9.5,10,10.5,11,11.5,12,12.5,13","42,43,43.5,44,45,46,46.5,47,48,49,49.5,50,51",24.3,30,Narrow|Regular,9.15,10.45,snug,medium,low,leather,rubber,343,beige|purple|blue|navy,136.09,3.9,137,in_stock,,Casual shoe with leather upper and rubber outsole; medium cushioning and low arch support for a snug feel.,saucony.com; size charts: nike.com/adidas.co.uk/asics.com/clarks.com
salomon-lift-x-athletic-481,Salomon,Lift X,Athletic,Unisex,UK,UK 3-12,"3,3.5,4,4.5,5,5.5,6,6.5,7,7.5,8,8.5,9,9.5,10,10.5,11,11.5,12","4,4.5,5,5.5,6,6.5,7,7.5,8,8.5,9,9.5,10,10.5,11,11.5,12,12.5,13","37.5,38,39,40,40.5,41,42,43,43.5,44,45,46,46.5,47,48,49,49.5,50,51",21.7,30,Narrow|Regular,8.66,9.96,snug,low,medium,synthetic mesh,non-marking rubber,314,white|yellow|tan|grey,140.1,4.5,65,in_stock,,Athletic shoe with synthetic mesh upper and non-marking rubber outsole; low cushioning and medium arch support for a snug feel.,salomon.com; size charts: nike.com/adidas.co.uk/asics.com/clarks.com
timberland-stride-6-running-482,Timberland,Stride 6,Running,Female,UK,UK 3-8.5,"3,3.5,4,4.5,5,5.5,6,6.5,7,7.5,8,8.5","5,5.5,6,6.5,7,7.5,8,8.5,9,9.5,10,10.5","37.5,38,39,40,40.5,41,42,43,43.5,44,45,46",21.8,27.1,Regular,8.15,10.35,roomy,high,low,synthetic mesh,rubber,209,tan|white,147.38,4.8,94,low_stock,,"Built for running days: synthetic mesh upper, durable rubber outsole, high cushion, low support, and a roomy fit.",timberland.com; size charts: nike.com/adidas.co.uk/asics.com/clarks.com
brooks-aero-ii-running-483,Brooks,Aero II,Running,Female,UK,UK 3.5-8.5,"3.5,4,4.5,5,5.5,6,6.5,7,7.5,8,8.5","5.5,6,6.5,7,7.5,8,8.5,9,9.5,10,10.5","38,39,40,40.5,41,42,43,43.5,44,45,46",22.1,26.9,Regular|Wide,8.86,10.36,regular,high,high,engineered mesh,carbon rubber,222,black|navy,163.43,4.4,43,low_stock,,"Brooks running footwear featuring engineered mesh, carbon rubber, high cushioning, high arch support, and a regular profile.",brooksrunning.com; size charts: nike.com/adidas.co.uk/asics.com/clarks.com
saucony-retro-prime-casual-484,Saucony,Retro Prime,Casual,Male,UK,UK 6-11.5,"6,6.5,7,7.5,8,8.5,9,9.5,10,10.5,11,11.5","7,7.5,8,8.5,9,9.5,10,10.5,11,11.5,12,12.5","42,43,43.5,44,45,46,46.5,47,48,49,49.5,50",24.2,29.6,Narrow|Regular|Wide,9.05,11.25,regular,low,high,canvas,rubber,327,red|white,69.41,4.8,75,in_stock,,"Built for casual days: canvas upper, durable rubber outsole, low cushion, high support, and a regular fit.",saucony.com; size charts: nike.com/adidas.co.uk/asics.com/clarks.com
reebok-urban-prime-casual-485,Reebok,Urban Prime,Casual,Female,UK,UK 3-8.5,"3,3.5,4,4.5,5,5.5,6,6.5,7,7.5,8,8.5","5,5.5,6,6.5,7,7.5,8,8.5,9,9.5,10,10.5","37.5,38,39,40,40.5,41,42,43,43.5,44,45,46",21.8,26.9,Regular,8.11,10.31,roomy,high,medium,canvas,cupsole rubber,314,beige|tan|orange,71.24,3.9,101,out_of_stock,,"Reebok casual footwear featuring canvas, cupsole rubber, high cushioning, medium arch support, and a roomy profile.",reebok.com; size charts: nike.com/adidas.co.uk/asics.com/clarks.com
merrell-skate-4-casual-486,Merrell,Skate 4,Casual,Male,UK,UK 6.5-12,"6.5,7,7.5,8,8.5,9,9.5,10,10.5,11,11.5,12","7.5,8,8.5,9,9.5,10,10.5,11,11.5,12,12.5,13","43,43.5,44,45,46,46.5,47,48,49,49.5,50,51",24.8,30.1,Narrow|Regular|Wide,9.26,11.46,regular,high,medium,canvas,gum rubber,324,navy|black,97.06,4,58,in_stock,,"Built for casual days: canvas upper, durable gum rubber outsole, high cushion, medium support, and a regular fit.",merrell.com; size charts: nike.com/adidas.co.uk/asics.com/clarks.com
new-balance-brogue-max-pro-formal-487,New Balance,Brogue Max Pro,Formal,Male,UK,UK 6.5-11.5,"6.5,7,7.5,8,8.5,9,9.5,10,10.5,11,11.5","7.5,8,8.5,9,9.5,10,10.5,11,11.5,12,12.5","43,43.5,44,45,46,46.5,47,48,49,49.5,50",24.7,29.6,Narrow|Regular,9.15,10.45,snug,low,high,patent leather,rubber,426,purple|green|navy,161.43,3.9,10,in_stock,,"New Balance formal footwear featuring patent leather, rubber, low cushioning, high arch support, and a snug profile.",newbalance.com; size charts: nike.com/adidas.co.uk/asics.com/clarks.com
new-balance-lo-7-casual-488,New Balance,Lo 7,Casual,Female,UK,UK 3-8.5,"3,3.5,4,4.5,5,5.5,6,6.5,7,7.5,8,8.5","5,5.5,6,6.5,7,7.5,8,8.5,9,9.5,10,10.5","37.5,38,39,40,40.5,41,42,43,43.5,44,45,46",21.8,27.1,Narrow|Regular|Wide,8.15,10.35,snug,medium,medium,leather,rubber,359,blue|green,68.62,4.2,44,in_stock,,Casual shoe with leather upper and rubber outsole; medium cushioning and medium arch support for a snug feel.,newbalance.com; size charts: nike.com/adidas.co.uk/asics.com/clarks.com
hoka-monk-ii-runner-formal-489,HOKA,Monk II Runner,Formal,Male,UK,UK 6-12,"6,6.5,7,7.5,8,8.5,9,9.5,10,10.5,11,11.5,12","7,7.5,8,8.5,9,9.5,10,10.5,11,11.5,12,12.5,13","42,43,43.5,44,45,46,46.5,47,48,49,49.5,50,51",24.2,30,Narrow|Regular|Wide,9.13,11.33,regular,medium,medium,patent leather,TPU,411,white|orange|black|purple,151.19,4,76,out_of_stock,,"HOKA formal footwear featuring patent leather, TPU, medium cushioning, medium arch support, and a regular profile.",hoka.com; size charts: nike.com/adidas.co.uk/asics.com/clarks.com
salomon-retro-5-casual-490,Salomon,Retro 5,Casual,Male,UK,UK 6-11.5,"6,6.5,7,7.5,8,8.5,9,9.5,10,10.5,11,11.5","7,7.5,8,8.5,9,9.5,10,10.5,11,11.5,12,12.5","42,43,43.5,44,45,46,46.5,47,48,49,49.5,50",24.4,29.6,Regular|Wide,9.79,11.29,regular,low,medium,leather,gum rubber,331,grey|purple|navy,121.45,3.9,53,in_stock,,"Salomon casual footwear featuring leather, gum rubber, low cushioning, medium arch support, and a regular profile.",salomon.com; size charts: nike.com/adidas.co.uk/asics.com/clarks.com
nike-aero-5-running-491,Nike,Aero 5,Running,Male,UK,UK 6-11.5,"6,6.5,7,7.5,8,8.5,9,9.5,10,10.5,11,11.5","7,7.5,8,8.5,9,9.5,10,10.5,11,11.5,12,12.5","42,43,43.5,44,45,46,46.5,47,48,49,49.5,50",24.2,29.6,Narrow|Regular|Wide,9.05,11.25,regular,low,medium,knit mesh,rubber,281,orange|tan,156.09,4,70,in_stock,,Running shoe with knit mesh upper and rubber outsole; low cushioning and medium arch support for a regular feel.,nike.com; size charts: nike.com/adidas.co.uk/asics.com/clarks.com
nike-cross-8-athletic-492,Nike,Cross 8,Athletic,Male,UK,UK 6-12,"6,6.5,7,7.5,8,8.5,9,9.5,10,10.5,11,11.5,12","7,7.5,8,8.5,9,9.5,10,10.5,11,11.5,12,12.5,13","42,43,43.5,44,45,46,46.5,47,48,49,49.5,50,51",24.3,29.9,Narrow|Regular|Wide,9.13,11.33,roomy,medium,high,synthetic mesh,TPU,302,purple|grey|white,117.7,3.8,90,in_stock,,"Built for athletic days: synthetic mesh upper, durable TPU outsole, medium cushion, high support, and a roomy fit.",nike.com; size charts: nike.com/adidas.co.uk/asics.com/clarks.com
salomon-trailblazer-elite-trail-493,Salomon,Trailblazer Elite,Trail,Male,UK,UK 6-12,"6,6.5,7,7.5,8,8.5,9,9.5,10,10.5,11,11.5,12","7,7.5,8,8.5,9,9.5,10,10.5,11,11.5,12,12.5,13","42,43,43.5,44,45,46,46.5,47,48,49,49.5,50,51",24.2,29.9,Narrow|Regular|Wide,9.11,11.31,regular,high,high,gore-tex membrane,sticky rubber,359,red|orange,181.24,4.9,24,in_stock,,Trail shoe with gore-tex membrane upper and sticky rubber outsole; high cushioning and high arch support for a regular feel.,salomon.com; size charts: nike.com/adidas.co.uk/asics.com/clarks.com
puma-chelsea-x-formal-494,PUMA,Chelsea X,Formal,Female,UK,UK 3-8.5,"3,3.5,4,4.5,5,5.5,6,6.5,7,7.5,8,8.5","5,5.5,6,6.5,7,7.5,8,8.5,9,9.5,10,10.5","37.5,38,39,40,40.5,41,42,43,43.5,44,45,46",21.8,27,Narrow|Regular|Wide,8.13,10.33,roomy,medium,high,suede leather,TPU,398,brown|grey|red|orange,113.89,4.2,19,low_stock,,"Built for formal days: suede leather upper, durable TPU outsole, medium cushion, high support, and a roomy fit.",puma.com; size charts: nike.com/adidas.co.uk/asics.com/clarks.com
salomon-brogue-5-formal-495,Salomon,Brogue 5,Formal,Male,UK,UK 6.5-12,"6.5,7,7.5,8,8.5,9,9.5,10,10.5,11,11.5,12","7.5,8,8.5,9,9.5,10,10.5,11,11.5,12,12.5,13","43,43.5,44,45,46,46.5,47,48,49,49.5,50,51",24.8,30,Narrow,9.24,9.94,roomy,low,high,patent leather,TPU,431,tan|orange|grey,146.44,4.4,39,in_stock,,"Built for formal days: patent leather upper, durable TPU outsole, low cushion, high support, and a roomy fit.",salomon.com; size charts: nike.com/adidas.co.uk/asics.com/clarks.com
timberland-surge-max-running-496,Timberland,Surge Max,Running,Female,UK,UK 3-8.5,"3,3.5,4,4.5,5,5.5,6,6.5,7,7.5,8,8.5","5,5.5,6,6.5,7,7.5,8,8.5,9,9.5,10,10.5","37.5,38,39,40,40.5,41,42,43,43.5,44,45,46",21.9,26.9,Regular,8.13,10.33,snug,medium,medium,synthetic mesh,rubber,251,red|grey,112.32,4,32,low_stock,,"Timberland running footwear featuring synthetic mesh, rubber, medium cushioning, medium arch support, and a snug profile.",timberland.com; size charts: nike.com/adidas.co.uk/asics.com/clarks.com
puma-aero-x-running-497,PUMA,Aero X,Running,Female,UK,UK 3-8.5,"3,3.5,4,4.5,5,5.5,6,6.5,7,7.5,8,8.5","5,5.5,6,6.5,7,7.5,8,8.5,9,9.5,10,10.5","37.5,38,39,40,40.5,41,42,43,43.5,44,45,46",21.7,27.1,Narrow|Regular|Wide,8.13,10.33,snug,high,medium,synthetic mesh,blown rubber,265,green|yellow|white|red,121.31,4.8,10,in_stock,,"Built for running days: synthetic mesh upper, durable blown rubber outsole, high cushion, medium support, and a snug fit.",puma.com; size charts: nike.com/adidas.co.uk/asics.com/clarks.com
vans-charge-max-athletic-498,Vans,Charge Max,Athletic,Male,UK,UK 6-11.5,"6,6.5,7,7.5,8,8.5,9,9.5,10,10.5,11,11.5","7,7.5,8,8.5,9,9.5,10,10.5,11,11.5,12,12.5","42,43,43.5,44,45,46,46.5,47,48,49,49.5,50",24.4,29.6,Narrow|Regular|Wide,9.09,11.29,snug,medium,medium,synthetic leather,rubber,275,purple|green|white|grey,104.43,3.9,77,in_stock,,"Vans athletic footwear featuring synthetic leather, rubber, medium cushioning, medium arch support, and a snug profile.",vans.com; size charts: nike.com/adidas.co.uk/asics.com/clarks.com
converse-outback-x-trail-499,Converse,Outback X,Trail,Male,UK,UK 6-12,"6,6.5,7,7.5,8,8.5,9,9.5,10,10.5,11,11.5,12","7,7.5,8,8.5,9,9.5,10,10.5,11,11.5,12,12.5,13","42,43,43.5,44,45,46,46.5,47,48,49,49.5,50,51",24.2,30,Wide,10.33,11.33,snug,high,low,ripstop mesh,Vibram-style rubber,355,purple|navy|beige,143.08,4.4,68,in_stock,,"Built for trail days: ripstop mesh upper, durable Vibram-style rubber outsole, high cushion, low support, and a snug fit.",converse.com; size charts: nike.com/adidas.co.uk/asics.com/clarks.com
adidas-ridge-ii-trail-500,Adidas,Ridge II,Trail,Male,UK,UK 6-12,"6,6.5,7,7.5,8,8.5,9,9.5,10,10.5,11,11.5,12","7,7.5,8,8.5,9,9.5,10,10.5,11,11.5,12,12.5,13","42,43,43.5,44,45,46,46.5,47,48,49,49.5,50,51",24.2,30.1,Regular,9.15,11.35,snug,low,high,gore-tex membrane,lugged rubber,300,beige|white|red,141.51,4.2,61,in_stock,,"Adidas trail footwear featuring gore-tex membrane, lugged rubber, low cushioning, high arch support, and a snug profile.",adidas.co.uk; size charts: nike.com/adidas.co.uk/asics.com/clarks.com
